knob,scheme,file,snr_db,arm,carrier_bw,timing_bw,status,measured_ber,decodes,secs
carrier,16qam,16qam_10dB_2020,10.0,clean,0.005,0.004,ok,0.002857,True,0.23
carrier,16qam,16qam_10dB_3020,10.0,clean,0.005,0.004,ok,0.002008,True,0.215
carrier,16qam,16qam_10dB_4020,10.0,clean,0.005,0.004,ok,0.002556,True,0.216
carrier,16qam,16qam_10dB_5020,10.0,clean,0.005,0.004,ok,0.001653,True,0.219
carrier,16qam,16qam_10dB_6020,10.0,clean,0.005,0.004,ok,0.001854,True,0.219
carrier,16qam,16qam_10dB_7020,10.0,clean,0.005,0.004,ok,0.001854,True,0.217
carrier,16qam,16qam_10dB_8020,10.0,clean,0.005,0.004,ok,0.002057,True,0.221
carrier,16qam,16qam_13dB_2021,13.0,clean,0.005,0.004,ok,0.0001,True,0.214
carrier,16qam,16qam_13dB_3021,13.0,clean,0.005,0.004,ok,5e-05,True,0.216
carrier,16qam,16qam_13dB_4021,13.0,clean,0.005,0.004,ok,0.0,True,0.211
carrier,16qam,16qam_13dB_5021,13.0,clean,0.005,0.004,ok,0.0,True,0.214
carrier,16qam,16qam_13dB_6021,13.0,clean,0.005,0.004,ok,0.0,True,0.213
carrier,16qam,16qam_13dB_7021,13.0,clean,0.005,0.004,ok,5e-05,True,0.212
carrier,16qam,16qam_13dB_8021,13.0,clean,0.005,0.004,ok,5e-05,True,0.215
carrier,16qam,16qam_4dB_2018,4.0,clean,0.005,0.004,low_confidence,0.068849,False,0.206
carrier,16qam,16qam_4dB_3018,4.0,clean,0.005,0.004,low_confidence,0.06676,False,0.209
carrier,16qam,16qam_4dB_4018,4.0,clean,0.005,0.004,low_confidence,0.073128,False,0.214
carrier,16qam,16qam_4dB_5018,4.0,clean,0.005,0.004,low_confidence,0.066556,False,0.209
carrier,16qam,16qam_4dB_6018,4.0,clean,0.005,0.004,low_confidence,0.069868,False,0.209
carrier,16qam,16qam_4dB_7018,4.0,clean,0.005,0.004,low_confidence,0.06656,False,0.208
carrier,16qam,16qam_4dB_8018,4.0,clean,0.005,0.004,low_confidence,0.162807,False,0.202
carrier,16qam,16qam_8dB_2019,8.0,clean,0.005,0.004,ok,0.010068,False,0.215
carrier,16qam,16qam_8dB_3019,8.0,clean,0.005,0.004,ok,0.010236,False,0.214
carrier,16qam,16qam_8dB_4019,8.0,clean,0.005,0.004,ok,0.010688,False,0.214
carrier,16qam,16qam_8dB_5019,8.0,clean,0.005,0.004,ok,0.011286,False,0.222
carrier,16qam,16qam_8dB_6019,8.0,clean,0.005,0.004,ok,0.010332,False,0.215
carrier,16qam,16qam_8dB_7019,8.0,clean,0.005,0.004,ok,0.011386,False,0.213
carrier,16qam,16qam_8dB_8019,8.0,clean,0.005,0.004,ok,0.01002,False,0.217
carrier,8psk,8psk_10dB_2014,10.0,clean,0.005,0.004,ok,0.000251,True,0.307
carrier,8psk,8psk_10dB_3014,10.0,clean,0.005,0.004,ok,0.000301,True,0.32
carrier,8psk,8psk_10dB_4014,10.0,clean,0.005,0.004,ok,0.000351,True,0.31
carrier,8psk,8psk_10dB_5014,10.0,clean,0.005,0.004,ok,0.000201,True,0.31
carrier,8psk,8psk_10dB_6014,10.0,clean,0.005,0.004,ok,0.000201,True,0.31
carrier,8psk,8psk_10dB_7014,10.0,clean,0.005,0.004,ok,0.00015,True,0.304
carrier,8psk,8psk_10dB_8014,10.0,clean,0.005,0.004,ok,0.000201,True,0.318
carrier,8psk,8psk_13dB_2015,13.0,clean,0.005,0.004,ok,0.0,True,0.308
carrier,8psk,8psk_13dB_3015,13.0,clean,0.005,0.004,ok,0.0,True,0.32
carrier,8psk,8psk_13dB_4015,13.0,clean,0.005,0.004,ok,0.0,True,0.3
carrier,8psk,8psk_13dB_5015,13.0,clean,0.005,0.004,ok,0.0,True,0.302
carrier,8psk,8psk_13dB_6015,13.0,clean,0.005,0.004,ok,0.0,True,0.318
carrier,8psk,8psk_13dB_7015,13.0,clean,0.005,0.004,ok,0.0,True,0.307
carrier,8psk,8psk_13dB_8015,13.0,clean,0.005,0.004,ok,0.0,True,0.303
carrier,8psk,8psk_4dB_2012,4.0,clean,0.005,0.004,low_confidence,0.03125,False,0.303
carrier,8psk,8psk_4dB_3012,4.0,clean,0.005,0.004,low_confidence,0.032171,False,0.305
carrier,8psk,8psk_4dB_4012,4.0,clean,0.005,0.004,low_confidence,0.03033,False,0.318
carrier,8psk,8psk_4dB_5012,4.0,clean,0.005,0.004,low_confidence,0.034524,False,0.307
carrier,8psk,8psk_4dB_6012,4.0,clean,0.005,0.004,low_confidence,0.031537,False,0.313
carrier,8psk,8psk_4dB_7012,4.0,clean,0.005,0.004,low_confidence,0.031884,False,0.303
carrier,8psk,8psk_4dB_8012,4.0,clean,0.005,0.004,low_confidence,0.032502,False,0.304
carrier,8psk,8psk_8dB_2013,8.0,clean,0.005,0.004,ok,0.002204,True,0.31
carrier,8psk,8psk_8dB_3013,8.0,clean,0.005,0.004,ok,0.002455,True,0.307
carrier,8psk,8psk_8dB_4013,8.0,clean,0.005,0.004,ok,0.002506,True,0.306
carrier,8psk,8psk_8dB_5013,8.0,clean,0.005,0.004,ok,0.002457,True,0.317
carrier,8psk,8psk_8dB_6013,8.0,clean,0.005,0.004,ok,0.002758,True,0.323
carrier,8psk,8psk_8dB_7013,8.0,clean,0.005,0.004,ok,0.002508,True,0.3
carrier,8psk,8psk_8dB_8013,8.0,clean,0.005,0.004,ok,0.002504,True,0.303
carrier,bpsk,bpsk_10dB_2002,10.0,clean,0.005,0.004,ok,0.0,True,0.78
carrier,bpsk,bpsk_10dB_3002,10.0,clean,0.005,0.004,ok,0.0,True,0.829
carrier,bpsk,bpsk_10dB_4002,10.0,clean,0.005,0.004,ok,0.0,True,0.786
carrier,bpsk,bpsk_10dB_5002,10.0,clean,0.005,0.004,ok,0.0,True,0.781
carrier,bpsk,bpsk_10dB_6002,10.0,clean,0.005,0.004,ok,0.0,True,0.773
carrier,bpsk,bpsk_10dB_7002,10.0,clean,0.005,0.004,ok,0.0,True,0.775
carrier,bpsk,bpsk_10dB_8002,10.0,clean,0.005,0.004,ok,0.0,True,0.799
carrier,bpsk,bpsk_13dB_2003,13.0,clean,0.005,0.004,ok,0.0,True,0.789
carrier,bpsk,bpsk_13dB_3003,13.0,clean,0.005,0.004,ok,0.0,True,0.778
carrier,bpsk,bpsk_13dB_4003,13.0,clean,0.005,0.004,ok,0.0,True,0.78
carrier,bpsk,bpsk_13dB_5003,13.0,clean,0.005,0.004,ok,0.0,True,0.783
carrier,bpsk,bpsk_13dB_6003,13.0,clean,0.005,0.004,ok,0.0,True,0.781
carrier,bpsk,bpsk_13dB_7003,13.0,clean,0.005,0.004,ok,0.0,True,0.789
carrier,bpsk,bpsk_13dB_8003,13.0,clean,0.005,0.004,ok,0.0,True,0.805
carrier,bpsk,bpsk_4dB_2000,4.0,clean,0.005,0.004,ok,0.0,True,0.783
carrier,bpsk,bpsk_4dB_3000,4.0,clean,0.005,0.004,ok,0.0,True,0.785
carrier,bpsk,bpsk_4dB_4000,4.0,clean,0.005,0.004,ok,0.0,True,0.78
carrier,bpsk,bpsk_4dB_5000,4.0,clean,0.005,0.004,ok,0.0,True,0.773
carrier,bpsk,bpsk_4dB_6000,4.0,clean,0.005,0.004,ok,0.0,True,0.823
carrier,bpsk,bpsk_4dB_7000,4.0,clean,0.005,0.004,ok,0.0,True,0.875
carrier,bpsk,bpsk_4dB_8000,4.0,clean,0.005,0.004,ok,0.0,True,0.838
carrier,bpsk,bpsk_8dB_2001,8.0,clean,0.005,0.004,ok,0.0,True,0.809
carrier,bpsk,bpsk_8dB_3001,8.0,clean,0.005,0.004,ok,0.0,True,0.833
carrier,bpsk,bpsk_8dB_4001,8.0,clean,0.005,0.004,ok,0.0,True,0.807
carrier,bpsk,bpsk_8dB_5001,8.0,clean,0.005,0.004,ok,0.0,True,0.804
carrier,bpsk,bpsk_8dB_6001,8.0,clean,0.005,0.004,ok,0.0,True,0.853
carrier,bpsk,bpsk_8dB_7001,8.0,clean,0.005,0.004,ok,0.0,True,0.842
carrier,bpsk,bpsk_8dB_8001,8.0,clean,0.005,0.004,ok,0.0,True,0.876
carrier,qpsk,qpsk_10dB_2008,10.0,clean,0.005,0.004,ok,0.0,True,0.454
carrier,qpsk,qpsk_10dB_3008,10.0,clean,0.005,0.004,ok,0.0,True,0.447
carrier,qpsk,qpsk_10dB_4008,10.0,clean,0.005,0.004,ok,0.0,True,0.444
carrier,qpsk,qpsk_10dB_5008,10.0,clean,0.005,0.004,ok,0.0,True,0.423
carrier,qpsk,qpsk_10dB_6008,10.0,clean,0.005,0.004,ok,0.0,True,0.414
carrier,qpsk,qpsk_10dB_7008,10.0,clean,0.005,0.004,ok,0.0,True,0.437
carrier,qpsk,qpsk_10dB_8008,10.0,clean,0.005,0.004,ok,0.0,True,0.464
carrier,qpsk,qpsk_13dB_2009,13.0,clean,0.005,0.004,ok,0.0,True,0.479
carrier,qpsk,qpsk_13dB_3009,13.0,clean,0.005,0.004,ok,0.0,True,0.442
carrier,qpsk,qpsk_13dB_4009,13.0,clean,0.005,0.004,ok,0.0,True,0.433
carrier,qpsk,qpsk_13dB_5009,13.0,clean,0.005,0.004,ok,0.0,True,0.467
carrier,qpsk,qpsk_13dB_6009,13.0,clean,0.005,0.004,ok,0.0,True,0.469
carrier,qpsk,qpsk_13dB_7009,13.0,clean,0.005,0.004,ok,0.0,True,0.452
carrier,qpsk,qpsk_13dB_8009,13.0,clean,0.005,0.004,ok,0.0,True,0.434
carrier,qpsk,qpsk_4dB_2006,4.0,clean,0.005,0.004,ok,0.000953,True,0.432
carrier,qpsk,qpsk_4dB_3006,4.0,clean,0.005,0.004,ok,0.000803,True,0.484
carrier,qpsk,qpsk_4dB_4006,4.0,clean,0.005,0.004,ok,0.000552,True,0.46
carrier,qpsk,qpsk_4dB_5006,4.0,clean,0.005,0.004,ok,0.000902,True,0.425
carrier,qpsk,qpsk_4dB_6006,4.0,clean,0.005,0.004,ok,0.001052,True,0.439
carrier,qpsk,qpsk_4dB_7006,4.0,clean,0.005,0.004,ok,0.000903,True,0.438
carrier,qpsk,qpsk_4dB_8006,4.0,clean,0.005,0.004,ok,0.000954,True,0.431
carrier,qpsk,qpsk_8dB_2007,8.0,clean,0.005,0.004,ok,0.0,True,0.455
carrier,qpsk,qpsk_8dB_3007,8.0,clean,0.005,0.004,ok,0.0,True,0.421
carrier,qpsk,qpsk_8dB_4007,8.0,clean,0.005,0.004,ok,0.0,True,0.422
carrier,qpsk,qpsk_8dB_5007,8.0,clean,0.005,0.004,ok,0.0,True,0.422
carrier,qpsk,qpsk_8dB_6007,8.0,clean,0.005,0.004,ok,0.0,True,0.471
carrier,qpsk,qpsk_8dB_7007,8.0,clean,0.005,0.004,ok,0.0,True,0.444
carrier,qpsk,qpsk_8dB_8007,8.0,clean,0.005,0.004,ok,0.0,True,0.438
carrier,16qam,16qam_10dB_2020,10.0,offset,0.005,0.004,low_confidence,0.414837,False,0.224
carrier,16qam,16qam_10dB_3020,10.0,offset,0.005,0.004,low_confidence,0.411898,False,0.215
carrier,16qam,16qam_10dB_4020,10.0,offset,0.005,0.004,low_confidence,0.414486,False,0.246
carrier,16qam,16qam_10dB_5020,10.0,offset,0.005,0.004,low_confidence,0.41554,False,0.224
carrier,16qam,16qam_10dB_6020,10.0,offset,0.005,0.004,low_confidence,0.413477,False,0.251
carrier,16qam,16qam_10dB_7020,10.0,offset,0.005,0.004,low_confidence,0.415748,False,0.245
carrier,16qam,16qam_10dB_8020,10.0,offset,0.005,0.004,low_confidence,0.415822,False,0.253
carrier,16qam,16qam_13dB_2021,13.0,offset,0.005,0.004,low_confidence,0.413859,False,0.225
carrier,16qam,16qam_13dB_3021,13.0,offset,0.005,0.004,low_confidence,0.413026,False,0.225
carrier,16qam,16qam_13dB_4021,13.0,offset,0.005,0.004,low_confidence,0.414254,False,0.232
carrier,16qam,16qam_13dB_5021,13.0,offset,0.005,0.004,low_confidence,0.413418,False,0.246
carrier,16qam,16qam_13dB_6021,13.0,offset,0.005,0.004,low_confidence,0.407237,False,0.23
carrier,16qam,16qam_13dB_7021,13.0,offset,0.005,0.004,low_confidence,0.414561,False,0.229
carrier,16qam,16qam_13dB_8021,13.0,offset,0.005,0.004,low_confidence,0.413453,False,0.219
carrier,16qam,16qam_4dB_2018,4.0,offset,0.005,0.004,low_confidence,0.422618,False,0.257
carrier,16qam,16qam_4dB_3018,4.0,offset,0.005,0.004,low_confidence,0.42502,False,0.232
carrier,16qam,16qam_4dB_4018,4.0,offset,0.005,0.004,low_confidence,0.422606,False,0.251
carrier,16qam,16qam_4dB_5018,4.0,offset,0.005,0.004,low_confidence,0.422911,False,0.25
carrier,16qam,16qam_4dB_6018,4.0,offset,0.005,0.004,low_confidence,0.426975,False,0.232
carrier,16qam,16qam_4dB_7018,4.0,offset,0.005,0.004,low_confidence,0.425755,False,0.252
carrier,16qam,16qam_4dB_8018,4.0,offset,0.005,0.004,low_confidence,0.425298,False,0.247
carrier,16qam,16qam_8dB_2019,8.0,offset,0.005,0.004,low_confidence,0.415097,False,0.233
carrier,16qam,16qam_8dB_3019,8.0,offset,0.005,0.004,low_confidence,0.413397,False,0.225
carrier,16qam,16qam_8dB_4019,8.0,offset,0.005,0.004,low_confidence,0.415345,False,0.243
carrier,16qam,16qam_8dB_5019,8.0,offset,0.005,0.004,low_confidence,0.416834,False,0.269
carrier,16qam,16qam_8dB_6019,8.0,offset,0.005,0.004,low_confidence,0.414836,False,0.265
carrier,16qam,16qam_8dB_7019,8.0,offset,0.005,0.004,low_confidence,0.41573,False,0.228
carrier,16qam,16qam_8dB_8019,8.0,offset,0.005,0.004,low_confidence,0.417134,False,0.246
carrier,8psk,8psk_10dB_2014,10.0,offset,0.005,0.004,low_confidence,0.484037,False,0.366
carrier,8psk,8psk_10dB_3014,10.0,offset,0.005,0.004,low_confidence,0.484218,False,0.34
carrier,8psk,8psk_10dB_4014,10.0,offset,0.005,0.004,low_confidence,0.484156,False,0.331
carrier,8psk,8psk_10dB_5014,10.0,offset,0.005,0.004,low_confidence,0.484824,False,0.335
carrier,8psk,8psk_10dB_6014,10.0,offset,0.005,0.004,low_confidence,0.48049,False,0.322
carrier,8psk,8psk_10dB_7014,10.0,offset,0.005,0.004,low_confidence,0.483672,False,0.321
carrier,8psk,8psk_10dB_8014,10.0,offset,0.005,0.004,low_confidence,0.484766,False,0.328
carrier,8psk,8psk_13dB_2015,13.0,offset,0.005,0.004,low_confidence,0.485259,False,0.315
carrier,8psk,8psk_13dB_3015,13.0,offset,0.005,0.004,low_confidence,0.484807,False,0.31
carrier,8psk,8psk_13dB_4015,13.0,offset,0.005,0.004,low_confidence,0.484363,False,0.308
carrier,8psk,8psk_13dB_5015,13.0,offset,0.005,0.004,low_confidence,0.483251,False,0.316
carrier,8psk,8psk_13dB_6015,13.0,offset,0.005,0.004,low_confidence,0.484967,False,0.326
carrier,8psk,8psk_13dB_7015,13.0,offset,0.005,0.004,low_confidence,0.483591,False,0.316
carrier,8psk,8psk_13dB_8015,13.0,offset,0.005,0.004,low_confidence,0.483937,False,0.308
carrier,8psk,8psk_4dB_2012,4.0,offset,0.005,0.004,low_confidence,0.483648,False,0.328
carrier,8psk,8psk_4dB_3012,4.0,offset,0.005,0.004,low_confidence,0.483764,False,0.315
carrier,8psk,8psk_4dB_4012,4.0,offset,0.005,0.004,low_confidence,0.484384,False,0.336
carrier,8psk,8psk_4dB_5012,4.0,offset,0.005,0.004,low_confidence,0.482888,False,0.329
carrier,8psk,8psk_4dB_6012,4.0,offset,0.005,0.004,low_confidence,0.484482,False,0.31
carrier,8psk,8psk_4dB_7012,4.0,offset,0.005,0.004,low_confidence,0.483932,False,0.341
carrier,8psk,8psk_4dB_8012,4.0,offset,0.005,0.004,low_confidence,0.483674,False,0.318
carrier,8psk,8psk_8dB_2013,8.0,offset,0.005,0.004,low_confidence,0.48412,False,0.313
carrier,8psk,8psk_8dB_3013,8.0,offset,0.005,0.004,low_confidence,0.484193,False,0.32
carrier,8psk,8psk_8dB_4013,8.0,offset,0.005,0.004,low_confidence,0.480656,False,0.353
carrier,8psk,8psk_8dB_5013,8.0,offset,0.005,0.004,low_confidence,0.483279,False,0.331
carrier,8psk,8psk_8dB_6013,8.0,offset,0.005,0.004,low_confidence,0.482677,False,0.313
carrier,8psk,8psk_8dB_7013,8.0,offset,0.005,0.004,low_confidence,0.484322,False,0.335
carrier,8psk,8psk_8dB_8013,8.0,offset,0.005,0.004,low_confidence,0.484976,False,0.339
carrier,bpsk,bpsk_10dB_2002,10.0,offset,0.005,0.004,ok,0.0,True,0.807
carrier,bpsk,bpsk_10dB_3002,10.0,offset,0.005,0.004,ok,0.0,True,0.795
carrier,bpsk,bpsk_10dB_4002,10.0,offset,0.005,0.004,ok,0.0,True,0.831
carrier,bpsk,bpsk_10dB_5002,10.0,offset,0.005,0.004,ok,0.0,True,0.842
carrier,bpsk,bpsk_10dB_6002,10.0,offset,0.005,0.004,ok,0.0,True,0.902
carrier,bpsk,bpsk_10dB_7002,10.0,offset,0.005,0.004,ok,0.0,True,0.812
carrier,bpsk,bpsk_10dB_8002,10.0,offset,0.005,0.004,ok,0.0,True,0.877
carrier,bpsk,bpsk_13dB_2003,13.0,offset,0.005,0.004,ok,0.0,True,0.837
carrier,bpsk,bpsk_13dB_3003,13.0,offset,0.005,0.004,ok,0.0,True,0.809
carrier,bpsk,bpsk_13dB_4003,13.0,offset,0.005,0.004,ok,0.0,True,0.831
carrier,bpsk,bpsk_13dB_5003,13.0,offset,0.005,0.004,ok,0.0,True,0.842
carrier,bpsk,bpsk_13dB_6003,13.0,offset,0.005,0.004,ok,0.0,True,0.826
carrier,bpsk,bpsk_13dB_7003,13.0,offset,0.005,0.004,ok,0.0,True,0.821
carrier,bpsk,bpsk_13dB_8003,13.0,offset,0.005,0.004,ok,0.0,True,0.82
carrier,bpsk,bpsk_4dB_2000,4.0,offset,0.005,0.004,ok,0.0,True,0.829
carrier,bpsk,bpsk_4dB_3000,4.0,offset,0.005,0.004,ok,0.0,True,0.808
carrier,bpsk,bpsk_4dB_4000,4.0,offset,0.005,0.004,ok,0.0,True,0.826
carrier,bpsk,bpsk_4dB_5000,4.0,offset,0.005,0.004,ok,0.0,True,0.839
carrier,bpsk,bpsk_4dB_6000,4.0,offset,0.005,0.004,ok,0.0,True,0.812
carrier,bpsk,bpsk_4dB_7000,4.0,offset,0.005,0.004,ok,0.0,True,0.873
carrier,bpsk,bpsk_4dB_8000,4.0,offset,0.005,0.004,ok,5e-05,True,0.875
carrier,bpsk,bpsk_8dB_2001,8.0,offset,0.005,0.004,ok,0.0,True,0.81
carrier,bpsk,bpsk_8dB_3001,8.0,offset,0.005,0.004,ok,0.0,True,0.806
carrier,bpsk,bpsk_8dB_4001,8.0,offset,0.005,0.004,ok,0.0,True,0.785
carrier,bpsk,bpsk_8dB_5001,8.0,offset,0.005,0.004,ok,0.0,True,0.821
carrier,bpsk,bpsk_8dB_6001,8.0,offset,0.005,0.004,ok,0.0,True,0.813
carrier,bpsk,bpsk_8dB_7001,8.0,offset,0.005,0.004,ok,0.0,True,0.821
carrier,bpsk,bpsk_8dB_8001,8.0,offset,0.005,0.004,ok,0.0,True,0.835
carrier,qpsk,qpsk_10dB_2008,10.0,offset,0.005,0.004,low_confidence,0.485485,False,0.418
carrier,qpsk,qpsk_10dB_3008,10.0,offset,0.005,0.004,low_confidence,0.485265,False,0.433
carrier,qpsk,qpsk_10dB_4008,10.0,offset,0.005,0.004,low_confidence,0.484692,False,0.429
carrier,qpsk,qpsk_10dB_5008,10.0,offset,0.005,0.004,low_confidence,0.48339,False,0.433
carrier,qpsk,qpsk_10dB_6008,10.0,offset,0.005,0.004,low_confidence,0.483594,False,0.445
carrier,qpsk,qpsk_10dB_7008,10.0,offset,0.005,0.004,low_confidence,0.485489,False,0.418
carrier,qpsk,qpsk_10dB_8008,10.0,offset,0.005,0.004,low_confidence,0.484569,False,0.458
carrier,qpsk,qpsk_13dB_2009,13.0,offset,0.005,0.004,low_confidence,0.484362,False,0.436
carrier,qpsk,qpsk_13dB_3009,13.0,offset,0.005,0.004,low_confidence,0.484435,False,0.42
carrier,qpsk,qpsk_13dB_4009,13.0,offset,0.005,0.004,low_confidence,0.484416,False,0.442
carrier,qpsk,qpsk_13dB_5009,13.0,offset,0.005,0.004,low_confidence,0.485297,False,0.431
carrier,qpsk,qpsk_13dB_6009,13.0,offset,0.005,0.004,low_confidence,0.484706,False,0.449
carrier,qpsk,qpsk_13dB_7009,13.0,offset,0.005,0.004,low_confidence,0.486002,False,0.421
carrier,qpsk,qpsk_13dB_8009,13.0,offset,0.005,0.004,low_confidence,0.485646,False,0.444
carrier,qpsk,qpsk_4dB_2006,4.0,offset,0.005,0.004,low_confidence,0.485177,False,0.42
carrier,qpsk,qpsk_4dB_3006,4.0,offset,0.005,0.004,low_confidence,0.482984,False,0.461
carrier,qpsk,qpsk_4dB_4006,4.0,offset,0.005,0.004,low_confidence,0.48573,False,0.478
carrier,qpsk,qpsk_4dB_5006,4.0,offset,0.005,0.004,low_confidence,0.485971,False,0.44
carrier,qpsk,qpsk_4dB_6006,4.0,offset,0.005,0.004,low_confidence,0.485648,False,0.423
carrier,qpsk,qpsk_4dB_7006,4.0,offset,0.005,0.004,low_confidence,0.483072,False,0.429
carrier,qpsk,qpsk_4dB_8006,4.0,offset,0.005,0.004,low_confidence,0.483738,False,0.442
carrier,qpsk,qpsk_8dB_2007,8.0,offset,0.005,0.004,low_confidence,0.484918,False,0.436
carrier,qpsk,qpsk_8dB_3007,8.0,offset,0.005,0.004,low_confidence,0.483395,False,0.438
carrier,qpsk,qpsk_8dB_4007,8.0,offset,0.005,0.004,low_confidence,0.485297,False,0.422
carrier,qpsk,qpsk_8dB_5007,8.0,offset,0.005,0.004,low_confidence,0.485527,False,0.433
carrier,qpsk,qpsk_8dB_6007,8.0,offset,0.005,0.004,low_confidence,0.485168,False,0.441
carrier,qpsk,qpsk_8dB_7007,8.0,offset,0.005,0.004,low_confidence,0.48459,False,0.448
carrier,qpsk,qpsk_8dB_8007,8.0,offset,0.005,0.004,low_confidence,0.482945,False,0.419
carrier,16qam,16qam_10dB_2020,10.0,clean,0.01,0.004,ok,0.002857,True,0.211
carrier,16qam,16qam_10dB_3020,10.0,clean,0.01,0.004,ok,0.002058,True,0.236
carrier,16qam,16qam_10dB_4020,10.0,clean,0.01,0.004,ok,0.002506,True,0.242
carrier,16qam,16qam_10dB_5020,10.0,clean,0.01,0.004,ok,0.001954,True,0.216
carrier,16qam,16qam_10dB_6020,10.0,clean,0.01,0.004,ok,0.002004,True,0.215
carrier,16qam,16qam_10dB_7020,10.0,clean,0.01,0.004,ok,0.001854,True,0.232
carrier,16qam,16qam_10dB_8020,10.0,clean,0.01,0.004,ok,0.002057,True,0.234
carrier,16qam,16qam_13dB_2021,13.0,clean,0.01,0.004,ok,0.0001,True,0.219
carrier,16qam,16qam_13dB_3021,13.0,clean,0.01,0.004,ok,5e-05,True,0.229
carrier,16qam,16qam_13dB_4021,13.0,clean,0.01,0.004,ok,0.0,True,0.217
carrier,16qam,16qam_13dB_5021,13.0,clean,0.01,0.004,ok,0.0,True,0.223
carrier,16qam,16qam_13dB_6021,13.0,clean,0.01,0.004,ok,0.0,True,0.217
carrier,16qam,16qam_13dB_7021,13.0,clean,0.01,0.004,ok,5e-05,True,0.221
carrier,16qam,16qam_13dB_8021,13.0,clean,0.01,0.004,ok,0.0,True,0.239
carrier,16qam,16qam_4dB_2018,4.0,clean,0.01,0.004,low_confidence,0.283432,False,0.222
carrier,16qam,16qam_4dB_3018,4.0,clean,0.01,0.004,low_confidence,0.2915,False,0.23
carrier,16qam,16qam_4dB_4018,4.0,clean,0.01,0.004,low_confidence,0.346416,False,0.225
carrier,16qam,16qam_4dB_5018,4.0,clean,0.01,0.004,low_confidence,0.081742,False,0.213
carrier,16qam,16qam_4dB_6018,4.0,clean,0.01,0.004,low_confidence,0.274258,False,0.216
carrier,16qam,16qam_4dB_7018,4.0,clean,0.01,0.004,low_confidence,0.077987,False,0.225
carrier,16qam,16qam_4dB_8018,4.0,clean,0.01,0.004,low_confidence,0.083648,False,0.207
carrier,16qam,16qam_8dB_2019,8.0,clean,0.01,0.004,ok,0.010319,False,0.22
carrier,16qam,16qam_8dB_3019,8.0,clean,0.01,0.004,ok,0.010988,False,0.224
carrier,16qam,16qam_8dB_4019,8.0,clean,0.01,0.004,ok,0.01124,False,0.233
carrier,16qam,16qam_8dB_5019,8.0,clean,0.01,0.004,ok,0.011587,False,0.248
carrier,16qam,16qam_8dB_6019,8.0,clean,0.01,0.004,ok,0.011084,False,0.253
carrier,16qam,16qam_8dB_7019,8.0,clean,0.01,0.004,ok,0.011587,False,0.218
carrier,16qam,16qam_8dB_8019,8.0,clean,0.01,0.004,ok,0.010621,False,0.228
carrier,8psk,8psk_10dB_2014,10.0,clean,0.01,0.004,ok,0.000251,True,0.349
carrier,8psk,8psk_10dB_3014,10.0,clean,0.01,0.004,ok,0.000251,True,0.325
carrier,8psk,8psk_10dB_4014,10.0,clean,0.01,0.004,ok,0.000401,True,0.344
carrier,8psk,8psk_10dB_5014,10.0,clean,0.01,0.004,ok,0.000251,True,0.338
carrier,8psk,8psk_10dB_6014,10.0,clean,0.01,0.004,ok,0.000301,True,0.356
carrier,8psk,8psk_10dB_7014,10.0,clean,0.01,0.004,ok,0.00015,True,0.328
carrier,8psk,8psk_10dB_8014,10.0,clean,0.01,0.004,ok,0.000151,True,0.336
carrier,8psk,8psk_13dB_2015,13.0,clean,0.01,0.004,ok,0.0,True,0.324
carrier,8psk,8psk_13dB_3015,13.0,clean,0.01,0.004,ok,0.0,True,0.308
carrier,8psk,8psk_13dB_4015,13.0,clean,0.01,0.004,ok,0.0,True,0.34
carrier,8psk,8psk_13dB_5015,13.0,clean,0.01,0.004,ok,0.0,True,0.358
carrier,8psk,8psk_13dB_6015,13.0,clean,0.01,0.004,ok,0.0,True,0.316
carrier,8psk,8psk_13dB_7015,13.0,clean,0.01,0.004,ok,0.0,True,0.32
carrier,8psk,8psk_13dB_8015,13.0,clean,0.01,0.004,ok,0.0,True,0.333
carrier,8psk,8psk_4dB_2012,4.0,clean,0.01,0.004,low_confidence,0.032203,False,0.34
carrier,8psk,8psk_4dB_3012,4.0,clean,0.01,0.004,low_confidence,0.035228,False,0.324
carrier,8psk,8psk_4dB_4012,4.0,clean,0.01,0.004,low_confidence,0.033338,False,0.365
carrier,8psk,8psk_4dB_5012,4.0,clean,0.01,0.004,low_confidence,0.036478,False,0.325
carrier,8psk,8psk_4dB_6012,4.0,clean,0.01,0.004,low_confidence,0.033091,False,0.334
carrier,8psk,8psk_4dB_7012,4.0,clean,0.01,0.004,low_confidence,0.033288,False,0.33
carrier,8psk,8psk_4dB_8012,4.0,clean,0.01,0.004,low_confidence,0.036208,False,0.314
carrier,8psk,8psk_8dB_2013,8.0,clean,0.01,0.004,ok,0.002455,True,0.325
carrier,8psk,8psk_8dB_3013,8.0,clean,0.01,0.004,ok,0.002355,True,0.318
carrier,8psk,8psk_8dB_4013,8.0,clean,0.01,0.004,ok,0.002656,True,0.329
carrier,8psk,8psk_8dB_5013,8.0,clean,0.01,0.004,ok,0.002707,True,0.319
carrier,8psk,8psk_8dB_6013,8.0,clean,0.01,0.004,ok,0.002707,True,0.312
carrier,8psk,8psk_8dB_7013,8.0,clean,0.01,0.004,ok,0.002508,True,0.312
carrier,8psk,8psk_8dB_8013,8.0,clean,0.01,0.004,ok,0.002905,True,0.309
carrier,bpsk,bpsk_10dB_2002,10.0,clean,0.01,0.004,ok,0.0,True,0.817
carrier,bpsk,bpsk_10dB_3002,10.0,clean,0.01,0.004,ok,0.0,True,0.854
carrier,bpsk,bpsk_10dB_4002,10.0,clean,0.01,0.004,ok,0.0,True,0.972
carrier,bpsk,bpsk_10dB_5002,10.0,clean,0.01,0.004,ok,0.0,True,0.849
carrier,bpsk,bpsk_10dB_6002,10.0,clean,0.01,0.004,ok,0.0,True,0.894
carrier,bpsk,bpsk_10dB_7002,10.0,clean,0.01,0.004,ok,0.0,True,0.898
carrier,bpsk,bpsk_10dB_8002,10.0,clean,0.01,0.004,ok,0.0,True,0.882
carrier,bpsk,bpsk_13dB_2003,13.0,clean,0.01,0.004,ok,0.0,True,0.936
carrier,bpsk,bpsk_13dB_3003,13.0,clean,0.01,0.004,ok,0.0,True,0.867
carrier,bpsk,bpsk_13dB_4003,13.0,clean,0.01,0.004,ok,0.0,True,0.839
carrier,bpsk,bpsk_13dB_5003,13.0,clean,0.01,0.004,ok,0.0,True,0.812
carrier,bpsk,bpsk_13dB_6003,13.0,clean,0.01,0.004,ok,0.0,True,0.837
carrier,bpsk,bpsk_13dB_7003,13.0,clean,0.01,0.004,ok,0.0,True,0.83
carrier,bpsk,bpsk_13dB_8003,13.0,clean,0.01,0.004,ok,0.0,True,0.816
carrier,bpsk,bpsk_4dB_2000,4.0,clean,0.01,0.004,ok,0.0,True,0.806
carrier,bpsk,bpsk_4dB_3000,4.0,clean,0.01,0.004,ok,0.0,True,0.827
carrier,bpsk,bpsk_4dB_4000,4.0,clean,0.01,0.004,ok,0.0,True,0.79
carrier,bpsk,bpsk_4dB_5000,4.0,clean,0.01,0.004,ok,0.0,True,0.828
carrier,bpsk,bpsk_4dB_6000,4.0,clean,0.01,0.004,ok,0.0,True,0.828
carrier,bpsk,bpsk_4dB_7000,4.0,clean,0.01,0.004,ok,0.0,True,0.833
carrier,bpsk,bpsk_4dB_8000,4.0,clean,0.01,0.004,ok,0.0,True,0.825
carrier,bpsk,bpsk_8dB_2001,8.0,clean,0.01,0.004,ok,0.0,True,0.846
carrier,bpsk,bpsk_8dB_3001,8.0,clean,0.01,0.004,ok,0.0,True,0.835
carrier,bpsk,bpsk_8dB_4001,8.0,clean,0.01,0.004,ok,0.0,True,0.803
carrier,bpsk,bpsk_8dB_5001,8.0,clean,0.01,0.004,ok,0.0,True,0.806
carrier,bpsk,bpsk_8dB_6001,8.0,clean,0.01,0.004,ok,0.0,True,0.804
carrier,bpsk,bpsk_8dB_7001,8.0,clean,0.01,0.004,ok,0.0,True,0.827
carrier,bpsk,bpsk_8dB_8001,8.0,clean,0.01,0.004,ok,0.0,True,0.827
carrier,qpsk,qpsk_10dB_2008,10.0,clean,0.01,0.004,ok,0.0,True,0.414
carrier,qpsk,qpsk_10dB_3008,10.0,clean,0.01,0.004,ok,0.0,True,0.459
carrier,qpsk,qpsk_10dB_4008,10.0,clean,0.01,0.004,ok,0.0,True,0.451
carrier,qpsk,qpsk_10dB_5008,10.0,clean,0.01,0.004,ok,0.0,True,0.469
carrier,qpsk,qpsk_10dB_6008,10.0,clean,0.01,0.004,ok,0.0,True,0.437
carrier,qpsk,qpsk_10dB_7008,10.0,clean,0.01,0.004,ok,0.0,True,0.433
carrier,qpsk,qpsk_10dB_8008,10.0,clean,0.01,0.004,ok,0.0,True,0.443
carrier,qpsk,qpsk_13dB_2009,13.0,clean,0.01,0.004,ok,0.0,True,0.463
carrier,qpsk,qpsk_13dB_3009,13.0,clean,0.01,0.004,ok,0.0,True,0.401
carrier,qpsk,qpsk_13dB_4009,13.0,clean,0.01,0.004,ok,0.0,True,0.418
carrier,qpsk,qpsk_13dB_5009,13.0,clean,0.01,0.004,ok,0.0,True,0.432
carrier,qpsk,qpsk_13dB_6009,13.0,clean,0.01,0.004,ok,0.0,True,0.443
carrier,qpsk,qpsk_13dB_7009,13.0,clean,0.01,0.004,ok,0.0,True,0.429
carrier,qpsk,qpsk_13dB_8009,13.0,clean,0.01,0.004,ok,0.0,True,0.405
carrier,qpsk,qpsk_4dB_2006,4.0,clean,0.01,0.004,ok,0.001003,True,0.421
carrier,qpsk,qpsk_4dB_3006,4.0,clean,0.01,0.004,ok,0.000853,True,0.421
carrier,qpsk,qpsk_4dB_4006,4.0,clean,0.01,0.004,ok,0.000502,True,0.401
carrier,qpsk,qpsk_4dB_5006,4.0,clean,0.01,0.004,ok,0.001002,True,0.407
carrier,qpsk,qpsk_4dB_6006,4.0,clean,0.01,0.004,ok,0.001202,True,0.414
carrier,qpsk,qpsk_4dB_7006,4.0,clean,0.01,0.004,ok,0.000953,True,0.426
carrier,qpsk,qpsk_4dB_8006,4.0,clean,0.01,0.004,ok,0.000853,True,0.4
carrier,qpsk,qpsk_8dB_2007,8.0,clean,0.01,0.004,ok,0.0,True,0.405
carrier,qpsk,qpsk_8dB_3007,8.0,clean,0.01,0.004,ok,0.0,True,0.42
carrier,qpsk,qpsk_8dB_4007,8.0,clean,0.01,0.004,ok,0.0,True,0.398
carrier,qpsk,qpsk_8dB_5007,8.0,clean,0.01,0.004,ok,0.0,True,0.412
carrier,qpsk,qpsk_8dB_6007,8.0,clean,0.01,0.004,ok,0.0,True,0.406
carrier,qpsk,qpsk_8dB_7007,8.0,clean,0.01,0.004,ok,0.0,True,0.427
carrier,qpsk,qpsk_8dB_8007,8.0,clean,0.01,0.004,ok,0.0,True,0.405
carrier,16qam,16qam_10dB_2020,10.0,offset,0.01,0.004,low_confidence,0.412682,False,0.218
carrier,16qam,16qam_10dB_3020,10.0,offset,0.01,0.004,low_confidence,0.413052,False,0.22
carrier,16qam,16qam_10dB_4020,10.0,offset,0.01,0.004,low_confidence,0.41584,False,0.234
carrier,16qam,16qam_10dB_5020,10.0,offset,0.01,0.004,low_confidence,0.416992,False,0.224
carrier,16qam,16qam_10dB_6020,10.0,offset,0.01,0.004,low_confidence,0.415281,False,0.22
carrier,16qam,16qam_10dB_7020,10.0,offset,0.01,0.004,low_confidence,0.415698,False,0.213
carrier,16qam,16qam_10dB_8020,10.0,offset,0.01,0.004,low_confidence,0.413866,False,0.222
carrier,16qam,16qam_13dB_2021,13.0,offset,0.01,0.004,low_confidence,0.415363,False,0.224
carrier,16qam,16qam_13dB_3021,13.0,offset,0.01,0.004,low_confidence,0.412926,False,0.212
carrier,16qam,16qam_13dB_4021,13.0,offset,0.01,0.004,low_confidence,0.415957,False,0.213
carrier,16qam,16qam_13dB_5021,13.0,offset,0.01,0.004,low_confidence,0.416224,False,0.219
carrier,16qam,16qam_13dB_6021,13.0,offset,0.01,0.004,low_confidence,0.412749,False,0.211
carrier,16qam,16qam_13dB_7021,13.0,offset,0.01,0.004,low_confidence,0.414862,False,0.218
carrier,16qam,16qam_13dB_8021,13.0,offset,0.01,0.004,low_confidence,0.413253,False,0.221
carrier,16qam,16qam_4dB_2018,4.0,offset,0.01,0.004,low_confidence,0.424772,False,0.217
carrier,16qam,16qam_4dB_3018,4.0,offset,0.01,0.004,low_confidence,0.424719,False,0.209
carrier,16qam,16qam_4dB_4018,4.0,offset,0.01,0.004,low_confidence,0.422706,False,0.217
carrier,16qam,16qam_4dB_5018,4.0,offset,0.01,0.004,low_confidence,0.423714,False,0.215
carrier,16qam,16qam_4dB_6018,4.0,offset,0.01,0.004,low_confidence,0.425271,False,0.22
carrier,16qam,16qam_4dB_7018,4.0,offset,0.01,0.004,low_confidence,0.426156,False,0.223
carrier,16qam,16qam_4dB_8018,4.0,offset,0.01,0.004,low_confidence,0.425248,False,0.209
carrier,16qam,16qam_8dB_2019,8.0,offset,0.01,0.004,low_confidence,0.415849,False,0.214
carrier,16qam,16qam_8dB_3019,8.0,offset,0.01,0.004,low_confidence,0.414902,False,0.216
carrier,16qam,16qam_8dB_4019,8.0,offset,0.01,0.004,low_confidence,0.413489,False,0.215
carrier,16qam,16qam_8dB_5019,8.0,offset,0.01,0.004,low_confidence,0.416282,False,0.214
carrier,16qam,16qam_8dB_6019,8.0,offset,0.01,0.004,low_confidence,0.413231,False,0.217
carrier,16qam,16qam_8dB_7019,8.0,offset,0.01,0.004,low_confidence,0.413122,False,0.218
carrier,16qam,16qam_8dB_8019,8.0,offset,0.01,0.004,low_confidence,0.419539,False,0.222
carrier,8psk,8psk_10dB_2014,10.0,offset,0.01,0.004,low_confidence,0.481933,False,0.324
carrier,8psk,8psk_10dB_3014,10.0,offset,0.01,0.004,low_confidence,0.483617,False,0.308
carrier,8psk,8psk_10dB_4014,10.0,offset,0.01,0.004,low_confidence,0.484607,False,0.31
carrier,8psk,8psk_10dB_5014,10.0,offset,0.01,0.004,low_confidence,0.481563,False,0.312
carrier,8psk,8psk_10dB_6014,10.0,offset,0.01,0.004,low_confidence,0.484753,False,0.298
carrier,8psk,8psk_10dB_7014,10.0,offset,0.01,0.004,low_confidence,0.483822,False,0.303
carrier,8psk,8psk_10dB_8014,10.0,offset,0.01,0.004,low_confidence,0.484716,False,0.311
carrier,8psk,8psk_13dB_2015,13.0,offset,0.01,0.004,low_confidence,0.480696,False,0.304
carrier,8psk,8psk_13dB_3015,13.0,offset,0.01,0.004,low_confidence,0.484055,False,0.31
carrier,8psk,8psk_13dB_4015,13.0,offset,0.01,0.004,low_confidence,0.483911,False,0.303
carrier,8psk,8psk_13dB_5015,13.0,offset,0.01,0.004,low_confidence,0.484956,False,0.302
carrier,8psk,8psk_13dB_6015,13.0,offset,0.01,0.004,low_confidence,0.483714,False,0.307
carrier,8psk,8psk_13dB_7015,13.0,offset,0.01,0.004,low_confidence,0.483291,False,0.311
carrier,8psk,8psk_13dB_8015,13.0,offset,0.01,0.004,low_confidence,0.484589,False,0.317
carrier,8psk,8psk_4dB_2012,4.0,offset,0.01,0.004,low_confidence,0.483999,False,0.307
carrier,8psk,8psk_4dB_3012,4.0,offset,0.01,0.004,low_confidence,0.483113,False,0.305
carrier,8psk,8psk_4dB_4012,4.0,offset,0.01,0.004,low_confidence,0.483581,False,0.311
carrier,8psk,8psk_4dB_5012,4.0,offset,0.01,0.004,low_confidence,0.484391,False,0.305
carrier,8psk,8psk_4dB_6012,4.0,offset,0.01,0.004,low_confidence,0.482427,False,0.309
carrier,8psk,8psk_4dB_7012,4.0,offset,0.01,0.004,low_confidence,0.483782,False,0.31
carrier,8psk,8psk_4dB_8012,4.0,offset,0.01,0.004,low_confidence,0.483574,False,0.309
carrier,8psk,8psk_8dB_2013,8.0,offset,0.01,0.004,low_confidence,0.48407,False,0.298
carrier,8psk,8psk_8dB_3013,8.0,offset,0.01,0.004,low_confidence,0.482439,False,0.314
carrier,8psk,8psk_8dB_4013,8.0,offset,0.01,0.004,low_confidence,0.482259,False,0.31
carrier,8psk,8psk_8dB_5013,8.0,offset,0.01,0.004,low_confidence,0.483279,False,0.322
carrier,8psk,8psk_8dB_6013,8.0,offset,0.01,0.004,low_confidence,0.483329,False,0.306
carrier,8psk,8psk_8dB_7013,8.0,offset,0.01,0.004,low_confidence,0.484172,False,0.301
carrier,8psk,8psk_8dB_8013,8.0,offset,0.01,0.004,low_confidence,0.484325,False,0.3
carrier,bpsk,bpsk_10dB_2002,10.0,offset,0.01,0.004,ok,0.0,True,0.782
carrier,bpsk,bpsk_10dB_3002,10.0,offset,0.01,0.004,ok,0.0,True,0.771
carrier,bpsk,bpsk_10dB_4002,10.0,offset,0.01,0.004,ok,0.0,True,0.759
carrier,bpsk,bpsk_10dB_5002,10.0,offset,0.01,0.004,ok,0.0,True,0.776
carrier,bpsk,bpsk_10dB_6002,10.0,offset,0.01,0.004,ok,0.0,True,0.777
carrier,bpsk,bpsk_10dB_7002,10.0,offset,0.01,0.004,ok,0.0,True,0.778
carrier,bpsk,bpsk_10dB_8002,10.0,offset,0.01,0.004,ok,0.0,True,0.77
carrier,bpsk,bpsk_13dB_2003,13.0,offset,0.01,0.004,ok,0.0,True,0.765
carrier,bpsk,bpsk_13dB_3003,13.0,offset,0.01,0.004,ok,0.0,True,0.767
carrier,bpsk,bpsk_13dB_4003,13.0,offset,0.01,0.004,ok,0.0,True,0.784
carrier,bpsk,bpsk_13dB_5003,13.0,offset,0.01,0.004,ok,0.0,True,0.759
carrier,bpsk,bpsk_13dB_6003,13.0,offset,0.01,0.004,ok,0.0,True,0.785
carrier,bpsk,bpsk_13dB_7003,13.0,offset,0.01,0.004,ok,0.0,True,0.78
carrier,bpsk,bpsk_13dB_8003,13.0,offset,0.01,0.004,ok,0.0,True,0.77
carrier,bpsk,bpsk_4dB_2000,4.0,offset,0.01,0.004,ok,0.0,True,0.771
carrier,bpsk,bpsk_4dB_3000,4.0,offset,0.01,0.004,ok,0.0,True,0.781
carrier,bpsk,bpsk_4dB_4000,4.0,offset,0.01,0.004,ok,0.0,True,0.766
carrier,bpsk,bpsk_4dB_5000,4.0,offset,0.01,0.004,ok,0.0,True,0.771
carrier,bpsk,bpsk_4dB_6000,4.0,offset,0.01,0.004,ok,0.0,True,0.773
carrier,bpsk,bpsk_4dB_7000,4.0,offset,0.01,0.004,ok,0.0,True,0.771
carrier,bpsk,bpsk_4dB_8000,4.0,offset,0.01,0.004,ok,0.0,True,0.772
carrier,bpsk,bpsk_8dB_2001,8.0,offset,0.01,0.004,ok,0.0,True,0.769
carrier,bpsk,bpsk_8dB_3001,8.0,offset,0.01,0.004,ok,0.0,True,0.768
carrier,bpsk,bpsk_8dB_4001,8.0,offset,0.01,0.004,ok,0.0,True,0.788
carrier,bpsk,bpsk_8dB_5001,8.0,offset,0.01,0.004,ok,0.0,True,0.778
carrier,bpsk,bpsk_8dB_6001,8.0,offset,0.01,0.004,ok,0.0,True,0.762
carrier,bpsk,bpsk_8dB_7001,8.0,offset,0.01,0.004,ok,0.0,True,0.81
carrier,bpsk,bpsk_8dB_8001,8.0,offset,0.01,0.004,ok,0.0,True,0.802
carrier,qpsk,qpsk_10dB_2008,10.0,offset,0.01,0.004,ok,0.0,True,0.417
carrier,qpsk,qpsk_10dB_3008,10.0,offset,0.01,0.004,ok,0.0,True,0.406
carrier,qpsk,qpsk_10dB_4008,10.0,offset,0.01,0.004,ok,0.0,True,0.407
carrier,qpsk,qpsk_10dB_5008,10.0,offset,0.01,0.004,ok,0.0,True,0.409
carrier,qpsk,qpsk_10dB_6008,10.0,offset,0.01,0.004,low_confidence,0.0,True,0.396
carrier,qpsk,qpsk_10dB_7008,10.0,offset,0.01,0.004,ok,0.0,True,0.431
carrier,qpsk,qpsk_10dB_8008,10.0,offset,0.01,0.004,ok,0.0,True,0.41
carrier,qpsk,qpsk_13dB_2009,13.0,offset,0.01,0.004,ok,0.0,True,0.415
carrier,qpsk,qpsk_13dB_3009,13.0,offset,0.01,0.004,ok,0.0,True,0.424
carrier,qpsk,qpsk_13dB_4009,13.0,offset,0.01,0.004,ok,0.0,True,0.411
carrier,qpsk,qpsk_13dB_5009,13.0,offset,0.01,0.004,ok,0.0,True,0.412
carrier,qpsk,qpsk_13dB_6009,13.0,offset,0.01,0.004,ok,0.0,True,0.407
carrier,qpsk,qpsk_13dB_7009,13.0,offset,0.01,0.004,ok,0.0,True,0.412
carrier,qpsk,qpsk_13dB_8009,13.0,offset,0.01,0.004,ok,0.0,True,0.401
carrier,qpsk,qpsk_4dB_2006,4.0,offset,0.01,0.004,ok,0.001104,True,0.414
carrier,qpsk,qpsk_4dB_3006,4.0,offset,0.01,0.004,ok,0.000753,True,0.408
carrier,qpsk,qpsk_4dB_4006,4.0,offset,0.01,0.004,ok,0.000903,True,0.405
carrier,qpsk,qpsk_4dB_5006,4.0,offset,0.01,0.004,ok,0.000946,True,0.4
carrier,qpsk,qpsk_4dB_6006,4.0,offset,0.01,0.004,ok,0.00091,True,0.415
carrier,qpsk,qpsk_4dB_7006,4.0,offset,0.01,0.004,ok,0.000702,True,0.414
carrier,qpsk,qpsk_4dB_8006,4.0,offset,0.01,0.004,ok,0.000753,True,0.425
carrier,qpsk,qpsk_8dB_2007,8.0,offset,0.01,0.004,ok,0.0,True,0.405
carrier,qpsk,qpsk_8dB_3007,8.0,offset,0.01,0.004,ok,0.0,True,0.402
carrier,qpsk,qpsk_8dB_4007,8.0,offset,0.01,0.004,ok,0.0,True,0.412
carrier,qpsk,qpsk_8dB_5007,8.0,offset,0.01,0.004,ok,0.0,True,0.416
carrier,qpsk,qpsk_8dB_6007,8.0,offset,0.01,0.004,ok,0.0,True,0.411
carrier,qpsk,qpsk_8dB_7007,8.0,offset,0.01,0.004,ok,0.0,True,0.408
carrier,qpsk,qpsk_8dB_8007,8.0,offset,0.01,0.004,ok,0.0,True,0.41
carrier,16qam,16qam_10dB_2020,10.0,clean,0.02,0.004,ok,0.003058,True,0.223
carrier,16qam,16qam_10dB_3020,10.0,clean,0.02,0.004,ok,0.002209,True,0.216
carrier,16qam,16qam_10dB_4020,10.0,clean,0.02,0.004,ok,0.002907,True,0.213
carrier,16qam,16qam_10dB_5020,10.0,clean,0.02,0.004,ok,0.002805,True,0.216
carrier,16qam,16qam_10dB_6020,10.0,clean,0.02,0.004,ok,0.002505,True,0.231
carrier,16qam,16qam_10dB_7020,10.0,clean,0.02,0.004,ok,0.002205,True,0.223
carrier,16qam,16qam_10dB_8020,10.0,clean,0.02,0.004,ok,0.002458,True,0.217
carrier,16qam,16qam_13dB_2021,13.0,clean,0.02,0.004,ok,0.0001,True,0.215
carrier,16qam,16qam_13dB_3021,13.0,clean,0.02,0.004,ok,5e-05,True,0.215
carrier,16qam,16qam_13dB_4021,13.0,clean,0.02,0.004,ok,0.0,True,0.228
carrier,16qam,16qam_13dB_5021,13.0,clean,0.02,0.004,ok,0.0,True,0.218
carrier,16qam,16qam_13dB_6021,13.0,clean,0.02,0.004,ok,0.0,True,0.214
carrier,16qam,16qam_13dB_7021,13.0,clean,0.02,0.004,ok,5e-05,True,0.21
carrier,16qam,16qam_13dB_8021,13.0,clean,0.02,0.004,ok,0.0,True,0.212
carrier,16qam,16qam_4dB_2018,4.0,clean,0.02,0.004,low_confidence,0.389662,False,0.218
carrier,16qam,16qam_4dB_3018,4.0,clean,0.02,0.004,low_confidence,0.362821,False,0.214
carrier,16qam,16qam_4dB_4018,4.0,clean,0.02,0.004,low_confidence,0.343857,False,0.211
carrier,16qam,16qam_4dB_5018,4.0,clean,0.02,0.004,low_confidence,0.391865,False,0.221
carrier,16qam,16qam_4dB_6018,4.0,clean,0.02,0.004,low_confidence,0.277466,False,0.209
carrier,16qam,16qam_4dB_7018,4.0,clean,0.02,0.004,low_confidence,0.261327,False,0.21
carrier,16qam,16qam_4dB_8018,4.0,clean,0.02,0.004,low_confidence,0.305926,False,0.217
carrier,16qam,16qam_8dB_2019,8.0,clean,0.02,0.004,ok,0.012072,False,0.207
carrier,16qam,16qam_8dB_3019,8.0,clean,0.02,0.004,ok,0.011691,False,0.212
carrier,16qam,16qam_8dB_4019,8.0,clean,0.02,0.004,ok,0.012395,False,0.215
carrier,16qam,16qam_8dB_5019,8.0,clean,0.02,0.004,ok,0.011938,False,0.211
carrier,16qam,16qam_8dB_6019,8.0,clean,0.02,0.004,ok,0.012288,False,0.208
carrier,16qam,16qam_8dB_7019,8.0,clean,0.02,0.004,ok,0.01244,False,0.218
carrier,16qam,16qam_8dB_8019,8.0,clean,0.02,0.004,ok,0.011874,False,0.209
carrier,8psk,8psk_10dB_2014,10.0,clean,0.02,0.004,ok,0.000301,True,0.306
carrier,8psk,8psk_10dB_3014,10.0,clean,0.02,0.004,ok,0.0002,True,0.294
carrier,8psk,8psk_10dB_4014,10.0,clean,0.02,0.004,ok,0.000351,True,0.303
carrier,8psk,8psk_10dB_5014,10.0,clean,0.02,0.004,ok,0.000251,True,0.323
carrier,8psk,8psk_10dB_6014,10.0,clean,0.02,0.004,ok,0.000401,True,0.311
carrier,8psk,8psk_10dB_7014,10.0,clean,0.02,0.004,ok,0.000251,True,0.317
carrier,8psk,8psk_10dB_8014,10.0,clean,0.02,0.004,ok,0.000301,True,0.309
carrier,8psk,8psk_13dB_2015,13.0,clean,0.02,0.004,ok,0.0,True,0.309
carrier,8psk,8psk_13dB_3015,13.0,clean,0.02,0.004,ok,0.0,True,0.355
carrier,8psk,8psk_13dB_4015,13.0,clean,0.02,0.004,ok,0.0,True,0.305
carrier,8psk,8psk_13dB_5015,13.0,clean,0.02,0.004,ok,0.0,True,0.303
carrier,8psk,8psk_13dB_6015,13.0,clean,0.02,0.004,ok,0.0,True,0.309
carrier,8psk,8psk_13dB_7015,13.0,clean,0.02,0.004,ok,0.0,True,0.301
carrier,8psk,8psk_13dB_8015,13.0,clean,0.02,0.004,ok,0.0,True,0.309
carrier,8psk,8psk_4dB_2012,4.0,clean,0.02,0.004,low_confidence,0.230387,False,0.312
carrier,8psk,8psk_4dB_3012,4.0,clean,0.02,0.004,low_confidence,0.30477,False,0.312
carrier,8psk,8psk_4dB_4012,4.0,clean,0.02,0.004,low_confidence,0.065875,False,0.313
carrier,8psk,8psk_4dB_5012,4.0,clean,0.02,0.004,low_confidence,0.040036,False,0.302
carrier,8psk,8psk_4dB_6012,4.0,clean,0.02,0.004,low_confidence,0.242417,False,0.312
carrier,8psk,8psk_4dB_7012,4.0,clean,0.02,0.004,low_confidence,0.192209,False,0.311
carrier,8psk,8psk_4dB_8012,4.0,clean,0.02,0.004,low_confidence,0.357021,False,0.348
carrier,8psk,8psk_8dB_2013,8.0,clean,0.02,0.004,ok,0.002805,True,0.307
carrier,8psk,8psk_8dB_3013,8.0,clean,0.02,0.004,ok,0.002505,True,0.307
carrier,8psk,8psk_8dB_4013,8.0,clean,0.02,0.004,ok,0.003007,True,0.327
carrier,8psk,8psk_8dB_5013,8.0,clean,0.02,0.004,ok,0.002908,True,0.332
carrier,8psk,8psk_8dB_6013,8.0,clean,0.02,0.004,ok,0.002457,True,0.308
carrier,8psk,8psk_8dB_7013,8.0,clean,0.02,0.004,ok,0.00296,True,0.316
carrier,8psk,8psk_8dB_8013,8.0,clean,0.02,0.004,ok,0.003355,True,0.311
carrier,bpsk,bpsk_10dB_2002,10.0,clean,0.02,0.004,ok,0.0,True,0.789
carrier,bpsk,bpsk_10dB_3002,10.0,clean,0.02,0.004,ok,0.0,True,0.781
carrier,bpsk,bpsk_10dB_4002,10.0,clean,0.02,0.004,ok,0.0,True,0.791
carrier,bpsk,bpsk_10dB_5002,10.0,clean,0.02,0.004,ok,0.0,True,0.792
carrier,bpsk,bpsk_10dB_6002,10.0,clean,0.02,0.004,ok,0.0,True,0.773
carrier,bpsk,bpsk_10dB_7002,10.0,clean,0.02,0.004,ok,0.0,True,0.799
carrier,bpsk,bpsk_10dB_8002,10.0,clean,0.02,0.004,ok,0.0,True,0.788
carrier,bpsk,bpsk_13dB_2003,13.0,clean,0.02,0.004,ok,0.0,True,0.788
carrier,bpsk,bpsk_13dB_3003,13.0,clean,0.02,0.004,ok,0.0,True,0.781
carrier,bpsk,bpsk_13dB_4003,13.0,clean,0.02,0.004,ok,0.0,True,0.781
carrier,bpsk,bpsk_13dB_5003,13.0,clean,0.02,0.004,ok,0.0,True,0.784
carrier,bpsk,bpsk_13dB_6003,13.0,clean,0.02,0.004,ok,0.0,True,0.799
carrier,bpsk,bpsk_13dB_7003,13.0,clean,0.02,0.004,ok,0.0,True,0.786
carrier,bpsk,bpsk_13dB_8003,13.0,clean,0.02,0.004,ok,0.0,True,0.811
carrier,bpsk,bpsk_4dB_2000,4.0,clean,0.02,0.004,ok,0.0,True,0.781
carrier,bpsk,bpsk_4dB_3000,4.0,clean,0.02,0.004,ok,0.0,True,0.785
carrier,bpsk,bpsk_4dB_4000,4.0,clean,0.02,0.004,ok,0.0,True,0.781
carrier,bpsk,bpsk_4dB_5000,4.0,clean,0.02,0.004,ok,0.0,True,0.791
carrier,bpsk,bpsk_4dB_6000,4.0,clean,0.02,0.004,ok,0.0,True,0.763
carrier,bpsk,bpsk_4dB_7000,4.0,clean,0.02,0.004,ok,0.0,True,0.779
carrier,bpsk,bpsk_4dB_8000,4.0,clean,0.02,0.004,ok,0.0,True,0.806
carrier,bpsk,bpsk_8dB_2001,8.0,clean,0.02,0.004,ok,0.0,True,0.846
carrier,bpsk,bpsk_8dB_3001,8.0,clean,0.02,0.004,ok,0.0,True,0.907
carrier,bpsk,bpsk_8dB_4001,8.0,clean,0.02,0.004,ok,0.0,True,0.964
carrier,bpsk,bpsk_8dB_5001,8.0,clean,0.02,0.004,ok,0.0,True,0.882
carrier,bpsk,bpsk_8dB_6001,8.0,clean,0.02,0.004,ok,0.0,True,0.787
carrier,bpsk,bpsk_8dB_7001,8.0,clean,0.02,0.004,ok,0.0,True,0.792
carrier,bpsk,bpsk_8dB_8001,8.0,clean,0.02,0.004,ok,0.0,True,0.807
carrier,qpsk,qpsk_10dB_2008,10.0,clean,0.02,0.004,ok,0.0,True,0.4
carrier,qpsk,qpsk_10dB_3008,10.0,clean,0.02,0.004,ok,0.0,True,0.411
carrier,qpsk,qpsk_10dB_4008,10.0,clean,0.02,0.004,ok,0.0,True,0.412
carrier,qpsk,qpsk_10dB_5008,10.0,clean,0.02,0.004,ok,0.0,True,0.41
carrier,qpsk,qpsk_10dB_6008,10.0,clean,0.02,0.004,ok,0.0,True,0.415
carrier,qpsk,qpsk_10dB_7008,10.0,clean,0.02,0.004,ok,0.0,True,0.408
carrier,qpsk,qpsk_10dB_8008,10.0,clean,0.02,0.004,ok,0.0,True,0.407
carrier,qpsk,qpsk_13dB_2009,13.0,clean,0.02,0.004,ok,0.0,True,0.412
carrier,qpsk,qpsk_13dB_3009,13.0,clean,0.02,0.004,ok,0.0,True,0.41
carrier,qpsk,qpsk_13dB_4009,13.0,clean,0.02,0.004,ok,0.0,True,0.411
carrier,qpsk,qpsk_13dB_5009,13.0,clean,0.02,0.004,ok,0.0,True,0.405
carrier,qpsk,qpsk_13dB_6009,13.0,clean,0.02,0.004,ok,0.0,True,0.41
carrier,qpsk,qpsk_13dB_7009,13.0,clean,0.02,0.004,ok,0.0,True,0.425
carrier,qpsk,qpsk_13dB_8009,13.0,clean,0.02,0.004,ok,0.0,True,0.405
carrier,qpsk,qpsk_4dB_2006,4.0,clean,0.02,0.004,ok,0.001154,True,0.419
carrier,qpsk,qpsk_4dB_3006,4.0,clean,0.02,0.004,ok,0.000853,True,0.406
carrier,qpsk,qpsk_4dB_4006,4.0,clean,0.02,0.004,ok,0.000552,True,0.408
carrier,qpsk,qpsk_4dB_5006,4.0,clean,0.02,0.004,ok,0.001052,True,0.41
carrier,qpsk,qpsk_4dB_6006,4.0,clean,0.02,0.004,ok,0.001152,True,0.405
carrier,qpsk,qpsk_4dB_7006,4.0,clean,0.02,0.004,ok,0.001053,True,0.408
carrier,qpsk,qpsk_4dB_8006,4.0,clean,0.02,0.004,ok,0.001054,True,0.434
carrier,qpsk,qpsk_8dB_2007,8.0,clean,0.02,0.004,ok,0.0,True,0.413
carrier,qpsk,qpsk_8dB_3007,8.0,clean,0.02,0.004,ok,0.0,True,0.415
carrier,qpsk,qpsk_8dB_4007,8.0,clean,0.02,0.004,ok,0.0,True,0.406
carrier,qpsk,qpsk_8dB_5007,8.0,clean,0.02,0.004,ok,0.0,True,0.411
carrier,qpsk,qpsk_8dB_6007,8.0,clean,0.02,0.004,ok,0.0,True,0.402
carrier,qpsk,qpsk_8dB_7007,8.0,clean,0.02,0.004,ok,0.0,True,0.416
carrier,qpsk,qpsk_8dB_8007,8.0,clean,0.02,0.004,ok,0.0,True,0.406
carrier,16qam,16qam_10dB_2020,10.0,offset,0.02,0.004,low_confidence,0.417393,False,0.222
carrier,16qam,16qam_10dB_3020,10.0,offset,0.02,0.004,low_confidence,0.415512,False,0.219
carrier,16qam,16qam_10dB_4020,10.0,offset,0.02,0.004,low_confidence,0.415288,False,0.22
carrier,16qam,16qam_10dB_5020,10.0,offset,0.02,0.004,low_confidence,0.413385,False,0.225
carrier,16qam,16qam_10dB_6020,10.0,offset,0.02,0.004,low_confidence,0.414178,False,0.22
carrier,16qam,16qam_10dB_7020,10.0,offset,0.02,0.004,low_confidence,0.415597,False,0.218
carrier,16qam,16qam_10dB_8020,10.0,offset,0.02,0.004,low_confidence,0.416274,False,0.213
carrier,16qam,16qam_13dB_2021,13.0,offset,0.02,0.004,low_confidence,0.414611,False,0.221
carrier,16qam,16qam_13dB_3021,13.0,offset,0.02,0.004,low_confidence,0.41498,False,0.22
carrier,16qam,16qam_13dB_4021,13.0,offset,0.02,0.004,low_confidence,0.411099,False,0.217
carrier,16qam,16qam_13dB_5021,13.0,offset,0.02,0.004,low_confidence,0.417126,False,0.228
carrier,16qam,16qam_13dB_6021,13.0,offset,0.02,0.004,low_confidence,0.412699,False,0.217
carrier,16qam,16qam_13dB_7021,13.0,offset,0.02,0.004,low_confidence,0.000554,True,0.202
carrier,16qam,16qam_13dB_8021,13.0,offset,0.02,0.004,low_confidence,0.412351,False,0.214
carrier,16qam,16qam_4dB_2018,4.0,offset,0.02,0.004,low_confidence,0.427427,False,0.22
carrier,16qam,16qam_4dB_3018,4.0,offset,0.02,0.004,low_confidence,0.423115,False,0.224
carrier,16qam,16qam_4dB_4018,4.0,offset,0.02,0.004,low_confidence,0.423108,False,0.216
carrier,16qam,16qam_4dB_5018,4.0,offset,0.02,0.004,low_confidence,0.42271,False,0.215
carrier,16qam,16qam_4dB_6018,4.0,offset,0.02,0.004,low_confidence,0.42903,False,0.214
carrier,16qam,16qam_4dB_7018,4.0,offset,0.02,0.004,low_confidence,0.425805,False,0.22
carrier,16qam,16qam_4dB_8018,4.0,offset,0.02,0.004,low_confidence,0.422992,False,0.215
carrier,16qam,16qam_8dB_2019,8.0,offset,0.02,0.004,low_confidence,0.415448,False,0.206
carrier,16qam,16qam_8dB_3019,8.0,offset,0.02,0.004,low_confidence,0.416558,False,0.214
carrier,16qam,16qam_8dB_4019,8.0,offset,0.02,0.004,low_confidence,0.41399,False,0.217
carrier,16qam,16qam_8dB_5019,8.0,offset,0.02,0.004,low_confidence,0.416483,False,0.223
carrier,16qam,16qam_8dB_6019,8.0,offset,0.02,0.004,low_confidence,0.415889,False,0.217
carrier,16qam,16qam_8dB_7019,8.0,offset,0.02,0.004,low_confidence,0.416182,False,0.215
carrier,16qam,16qam_8dB_8019,8.0,offset,0.02,0.004,low_confidence,0.416483,False,0.224
carrier,8psk,8psk_10dB_2014,10.0,offset,0.02,0.004,ok,0.000361,True,0.291
carrier,8psk,8psk_10dB_3014,10.0,offset,0.02,0.004,ok,0.000251,True,0.292
carrier,8psk,8psk_10dB_4014,10.0,offset,0.02,0.004,ok,0.000301,True,0.299
carrier,8psk,8psk_10dB_5014,10.0,offset,0.02,0.004,ok,0.000156,True,0.31
carrier,8psk,8psk_10dB_6014,10.0,offset,0.02,0.004,ok,0.000413,True,0.291
carrier,8psk,8psk_10dB_7014,10.0,offset,0.02,0.004,ok,0.000201,True,0.293
carrier,8psk,8psk_10dB_8014,10.0,offset,0.02,0.004,ok,0.000315,True,0.287
carrier,8psk,8psk_13dB_2015,13.0,offset,0.02,0.004,ok,0.0,True,0.3
carrier,8psk,8psk_13dB_3015,13.0,offset,0.02,0.004,ok,0.0,True,0.308
carrier,8psk,8psk_13dB_4015,13.0,offset,0.02,0.004,ok,0.0,True,0.294
carrier,8psk,8psk_13dB_5015,13.0,offset,0.02,0.004,ok,0.0,True,0.301
carrier,8psk,8psk_13dB_6015,13.0,offset,0.02,0.004,ok,0.0,True,0.299
carrier,8psk,8psk_13dB_7015,13.0,offset,0.02,0.004,ok,0.0,True,0.293
carrier,8psk,8psk_13dB_8015,13.0,offset,0.02,0.004,ok,0.0,True,0.302
carrier,8psk,8psk_4dB_2012,4.0,offset,0.02,0.004,low_confidence,0.483698,False,0.307
carrier,8psk,8psk_4dB_3012,4.0,offset,0.02,0.004,low_confidence,0.484867,False,0.314
carrier,8psk,8psk_4dB_4012,4.0,offset,0.02,0.004,low_confidence,0.48293,False,0.316
carrier,8psk,8psk_4dB_5012,4.0,offset,0.02,0.004,low_confidence,0.483139,False,0.318
carrier,8psk,8psk_4dB_6012,4.0,offset,0.02,0.004,low_confidence,0.482627,False,0.312
carrier,8psk,8psk_4dB_7012,4.0,offset,0.02,0.004,low_confidence,0.482729,False,0.3
carrier,8psk,8psk_4dB_8012,4.0,offset,0.02,0.004,low_confidence,0.482171,False,0.302
carrier,8psk,8psk_8dB_2013,8.0,offset,0.02,0.004,low_confidence,0.483118,False,0.306
carrier,8psk,8psk_8dB_3013,8.0,offset,0.02,0.004,ok,0.002414,True,0.298
carrier,8psk,8psk_8dB_4013,8.0,offset,0.02,0.004,low_confidence,0.485016,False,0.302
carrier,8psk,8psk_8dB_5013,8.0,offset,0.02,0.004,low_confidence,0.004085,True,0.282
carrier,8psk,8psk_8dB_6013,8.0,offset,0.02,0.004,ok,0.003102,True,0.291
carrier,8psk,8psk_8dB_7013,8.0,offset,0.02,0.004,ok,0.003205,True,0.288
carrier,8psk,8psk_8dB_8013,8.0,offset,0.02,0.004,low_confidence,0.482472,False,0.306
carrier,bpsk,bpsk_10dB_2002,10.0,offset,0.02,0.004,ok,0.0,True,0.792
carrier,bpsk,bpsk_10dB_3002,10.0,offset,0.02,0.004,ok,0.0,True,0.799
carrier,bpsk,bpsk_10dB_4002,10.0,offset,0.02,0.004,ok,0.0,True,0.778
carrier,bpsk,bpsk_10dB_5002,10.0,offset,0.02,0.004,ok,0.0,True,0.793
carrier,bpsk,bpsk_10dB_6002,10.0,offset,0.02,0.004,ok,0.0,True,0.758
carrier,bpsk,bpsk_10dB_7002,10.0,offset,0.02,0.004,ok,0.0,True,0.753
carrier,bpsk,bpsk_10dB_8002,10.0,offset,0.02,0.004,ok,0.0,True,0.756
carrier,bpsk,bpsk_13dB_2003,13.0,offset,0.02,0.004,ok,0.0,True,0.759
carrier,bpsk,bpsk_13dB_3003,13.0,offset,0.02,0.004,ok,0.0,True,0.735
carrier,bpsk,bpsk_13dB_4003,13.0,offset,0.02,0.004,ok,0.0,True,0.745
carrier,bpsk,bpsk_13dB_5003,13.0,offset,0.02,0.004,ok,0.0,True,0.737
carrier,bpsk,bpsk_13dB_6003,13.0,offset,0.02,0.004,ok,0.0,True,0.754
carrier,bpsk,bpsk_13dB_7003,13.0,offset,0.02,0.004,ok,0.0,True,0.732
carrier,bpsk,bpsk_13dB_8003,13.0,offset,0.02,0.004,ok,0.0,True,0.751
carrier,bpsk,bpsk_4dB_2000,4.0,offset,0.02,0.004,ok,0.0,True,0.745
carrier,bpsk,bpsk_4dB_3000,4.0,offset,0.02,0.004,ok,0.0,True,0.742
carrier,bpsk,bpsk_4dB_4000,4.0,offset,0.02,0.004,ok,0.0,True,0.758
carrier,bpsk,bpsk_4dB_5000,4.0,offset,0.02,0.004,ok,0.0,True,0.747
carrier,bpsk,bpsk_4dB_6000,4.0,offset,0.02,0.004,ok,0.0,True,0.787
carrier,bpsk,bpsk_4dB_7000,4.0,offset,0.02,0.004,ok,0.0,True,0.76
carrier,bpsk,bpsk_4dB_8000,4.0,offset,0.02,0.004,ok,0.0,True,0.751
carrier,bpsk,bpsk_8dB_2001,8.0,offset,0.02,0.004,ok,0.0,True,0.755
carrier,bpsk,bpsk_8dB_3001,8.0,offset,0.02,0.004,ok,0.0,True,0.739
carrier,bpsk,bpsk_8dB_4001,8.0,offset,0.02,0.004,ok,0.0,True,0.728
carrier,bpsk,bpsk_8dB_5001,8.0,offset,0.02,0.004,ok,0.0,True,0.747
carrier,bpsk,bpsk_8dB_6001,8.0,offset,0.02,0.004,ok,0.0,True,0.762
carrier,bpsk,bpsk_8dB_7001,8.0,offset,0.02,0.004,ok,0.0,True,0.757
carrier,bpsk,bpsk_8dB_8001,8.0,offset,0.02,0.004,ok,0.0,True,0.748
carrier,qpsk,qpsk_10dB_2008,10.0,offset,0.02,0.004,ok,0.0,True,0.395
carrier,qpsk,qpsk_10dB_3008,10.0,offset,0.02,0.004,ok,0.0,True,0.388
carrier,qpsk,qpsk_10dB_4008,10.0,offset,0.02,0.004,ok,0.0,True,0.389
carrier,qpsk,qpsk_10dB_5008,10.0,offset,0.02,0.004,ok,0.0,True,0.388
carrier,qpsk,qpsk_10dB_6008,10.0,offset,0.02,0.004,low_confidence,0.0,True,0.388
carrier,qpsk,qpsk_10dB_7008,10.0,offset,0.02,0.004,ok,0.0,True,0.384
carrier,qpsk,qpsk_10dB_8008,10.0,offset,0.02,0.004,ok,0.0,True,0.395
carrier,qpsk,qpsk_13dB_2009,13.0,offset,0.02,0.004,ok,0.0,True,0.392
carrier,qpsk,qpsk_13dB_3009,13.0,offset,0.02,0.004,ok,0.0,True,0.38
carrier,qpsk,qpsk_13dB_4009,13.0,offset,0.02,0.004,ok,0.0,True,0.396
carrier,qpsk,qpsk_13dB_5009,13.0,offset,0.02,0.004,ok,0.0,True,0.39
carrier,qpsk,qpsk_13dB_6009,13.0,offset,0.02,0.004,ok,0.0,True,0.383
carrier,qpsk,qpsk_13dB_7009,13.0,offset,0.02,0.004,ok,0.0,True,0.393
carrier,qpsk,qpsk_13dB_8009,13.0,offset,0.02,0.004,ok,0.0,True,0.389
carrier,qpsk,qpsk_4dB_2006,4.0,offset,0.02,0.004,ok,0.001254,True,0.387
carrier,qpsk,qpsk_4dB_3006,4.0,offset,0.02,0.004,ok,0.000753,True,0.385
carrier,qpsk,qpsk_4dB_4006,4.0,offset,0.02,0.004,ok,0.000853,True,0.397
carrier,qpsk,qpsk_4dB_5006,4.0,offset,0.02,0.004,ok,0.001052,True,0.393
carrier,qpsk,qpsk_4dB_6006,4.0,offset,0.02,0.004,ok,0.001403,True,0.399
carrier,qpsk,qpsk_4dB_7006,4.0,offset,0.02,0.004,ok,0.001053,True,0.389
carrier,qpsk,qpsk_4dB_8006,4.0,offset,0.02,0.004,ok,0.000903,True,0.381
carrier,qpsk,qpsk_8dB_2007,8.0,offset,0.02,0.004,ok,0.0,True,0.384
carrier,qpsk,qpsk_8dB_3007,8.0,offset,0.02,0.004,ok,0.0,True,0.394
carrier,qpsk,qpsk_8dB_4007,8.0,offset,0.02,0.004,ok,0.0,True,0.397
carrier,qpsk,qpsk_8dB_5007,8.0,offset,0.02,0.004,ok,0.0,True,0.389
carrier,qpsk,qpsk_8dB_6007,8.0,offset,0.02,0.004,ok,0.0,True,0.376
carrier,qpsk,qpsk_8dB_7007,8.0,offset,0.02,0.004,ok,0.0,True,0.388
carrier,qpsk,qpsk_8dB_8007,8.0,offset,0.02,0.004,ok,0.0,True,0.389
carrier,16qam,16qam_10dB_2020,10.0,clean,0.04,0.004,ok,0.00391,True,0.22
carrier,16qam,16qam_10dB_3020,10.0,clean,0.04,0.004,ok,0.002912,True,0.207
carrier,16qam,16qam_10dB_4020,10.0,clean,0.04,0.004,ok,0.029925,False,0.216
carrier,16qam,16qam_10dB_5020,10.0,clean,0.04,0.004,ok,0.003256,True,0.231
carrier,16qam,16qam_10dB_6020,10.0,clean,0.04,0.004,ok,0.003056,True,0.211
carrier,16qam,16qam_10dB_7020,10.0,clean,0.04,0.004,ok,0.003158,True,0.222
carrier,16qam,16qam_10dB_8020,10.0,clean,0.04,0.004,ok,0.00316,True,0.231
carrier,16qam,16qam_13dB_2021,13.0,clean,0.04,0.004,ok,0.00015,True,0.204
carrier,16qam,16qam_13dB_3021,13.0,clean,0.04,0.004,ok,0.0001,True,0.214
carrier,16qam,16qam_13dB_4021,13.0,clean,0.04,0.004,ok,0.0,True,0.209
carrier,16qam,16qam_13dB_5021,13.0,clean,0.04,0.004,ok,0.0,True,0.204
carrier,16qam,16qam_13dB_6021,13.0,clean,0.04,0.004,ok,5e-05,True,0.208
carrier,16qam,16qam_13dB_7021,13.0,clean,0.04,0.004,ok,0.0,True,0.204
carrier,16qam,16qam_13dB_8021,13.0,clean,0.04,0.004,ok,0.0,True,0.208
carrier,16qam,16qam_4dB_2018,4.0,clean,0.04,0.004,low_confidence,0.389963,False,0.217
carrier,16qam,16qam_4dB_3018,4.0,clean,0.04,0.004,low_confidence,0.384824,False,0.238
carrier,16qam,16qam_4dB_4018,4.0,clean,0.04,0.004,low_confidence,0.396858,False,0.219
carrier,16qam,16qam_4dB_5018,4.0,clean,0.04,0.004,low_confidence,0.416391,False,0.219
carrier,16qam,16qam_4dB_6018,4.0,clean,0.04,0.004,low_confidence,0.381616,False,0.23
carrier,16qam,16qam_4dB_7018,4.0,clean,0.04,0.004,low_confidence,0.366108,False,0.205
carrier,16qam,16qam_4dB_8018,4.0,clean,0.04,0.004,low_confidence,0.403189,False,0.217
carrier,16qam,16qam_8dB_2019,8.0,clean,0.04,0.004,ok,0.21669,False,0.208
carrier,16qam,16qam_8dB_3019,8.0,clean,0.04,0.004,ok,0.16854,False,0.208
carrier,16qam,16qam_8dB_4019,8.0,clean,0.04,0.004,ok,0.019821,False,0.215
carrier,16qam,16qam_8dB_5019,8.0,clean,0.04,0.004,ok,0.206511,False,0.223
carrier,16qam,16qam_8dB_6019,8.0,clean,0.04,0.004,ok,0.020815,False,0.211
carrier,16qam,16qam_8dB_7019,8.0,clean,0.04,0.004,ok,0.015901,False,0.224
carrier,16qam,16qam_8dB_8019,8.0,clean,0.04,0.004,ok,0.013978,False,0.221
carrier,8psk,8psk_10dB_2014,10.0,clean,0.04,0.004,ok,0.000551,True,0.303
carrier,8psk,8psk_10dB_3014,10.0,clean,0.04,0.004,ok,0.000401,True,0.317
carrier,8psk,8psk_10dB_4014,10.0,clean,0.04,0.004,ok,0.000451,True,0.3
carrier,8psk,8psk_10dB_5014,10.0,clean,0.04,0.004,ok,0.000301,True,0.296
carrier,8psk,8psk_10dB_6014,10.0,clean,0.04,0.004,ok,0.000602,True,0.302
carrier,8psk,8psk_10dB_7014,10.0,clean,0.04,0.004,ok,0.000502,True,0.315
carrier,8psk,8psk_10dB_8014,10.0,clean,0.04,0.004,ok,0.000301,True,0.303
carrier,8psk,8psk_13dB_2015,13.0,clean,0.04,0.004,ok,0.0,True,0.303
carrier,8psk,8psk_13dB_3015,13.0,clean,0.04,0.004,ok,0.0,True,0.304
carrier,8psk,8psk_13dB_4015,13.0,clean,0.04,0.004,ok,0.0,True,0.302
carrier,8psk,8psk_13dB_5015,13.0,clean,0.04,0.004,ok,0.0,True,0.298
carrier,8psk,8psk_13dB_6015,13.0,clean,0.04,0.004,ok,0.0,True,0.295
carrier,8psk,8psk_13dB_7015,13.0,clean,0.04,0.004,ok,0.0,True,0.296
carrier,8psk,8psk_13dB_8015,13.0,clean,0.04,0.004,ok,0.0,True,0.298
carrier,8psk,8psk_4dB_2012,4.0,clean,0.04,0.004,low_confidence,0.391001,False,0.303
carrier,8psk,8psk_4dB_3012,4.0,clean,0.04,0.004,low_confidence,0.400631,False,0.292
carrier,8psk,8psk_4dB_4012,4.0,clean,0.04,0.004,low_confidence,0.43019,False,0.304
carrier,8psk,8psk_4dB_5012,4.0,clean,0.04,0.004,low_confidence,0.403568,False,0.302
carrier,8psk,8psk_4dB_6012,4.0,clean,0.04,0.004,low_confidence,0.390323,False,0.303
carrier,8psk,8psk_4dB_7012,4.0,clean,0.04,0.004,low_confidence,0.470898,False,0.305
carrier,8psk,8psk_4dB_8012,4.0,clean,0.04,0.004,low_confidence,0.420272,False,0.293
carrier,8psk,8psk_8dB_2013,8.0,clean,0.04,0.004,ok,0.003406,True,0.298
carrier,8psk,8psk_8dB_3013,8.0,clean,0.04,0.004,ok,0.003357,True,0.3
carrier,8psk,8psk_8dB_4013,8.0,clean,0.04,0.004,ok,0.003458,True,0.297
carrier,8psk,8psk_8dB_5013,8.0,clean,0.04,0.004,ok,0.00351,True,0.307
carrier,8psk,8psk_8dB_6013,8.0,clean,0.04,0.004,ok,0.003409,True,0.296
carrier,8psk,8psk_8dB_7013,8.0,clean,0.04,0.004,ok,0.003612,True,0.295
carrier,8psk,8psk_8dB_8013,8.0,clean,0.04,0.004,ok,0.003856,True,0.297
carrier,bpsk,bpsk_10dB_2002,10.0,clean,0.04,0.004,ok,0.0,True,0.762
carrier,bpsk,bpsk_10dB_3002,10.0,clean,0.04,0.004,ok,0.0,True,0.744
carrier,bpsk,bpsk_10dB_4002,10.0,clean,0.04,0.004,ok,0.0,True,0.744
carrier,bpsk,bpsk_10dB_5002,10.0,clean,0.04,0.004,ok,0.0,True,0.746
carrier,bpsk,bpsk_10dB_6002,10.0,clean,0.04,0.004,ok,0.0,True,0.749
carrier,bpsk,bpsk_10dB_7002,10.0,clean,0.04,0.004,ok,0.0,True,0.728
carrier,bpsk,bpsk_10dB_8002,10.0,clean,0.04,0.004,ok,0.0,True,0.743
carrier,bpsk,bpsk_13dB_2003,13.0,clean,0.04,0.004,ok,0.0,True,0.752
carrier,bpsk,bpsk_13dB_3003,13.0,clean,0.04,0.004,ok,0.0,True,0.738
carrier,bpsk,bpsk_13dB_4003,13.0,clean,0.04,0.004,ok,0.0,True,0.748
carrier,bpsk,bpsk_13dB_5003,13.0,clean,0.04,0.004,ok,0.0,True,0.748
carrier,bpsk,bpsk_13dB_6003,13.0,clean,0.04,0.004,ok,0.0,True,0.744
carrier,bpsk,bpsk_13dB_7003,13.0,clean,0.04,0.004,ok,0.0,True,0.757
carrier,bpsk,bpsk_13dB_8003,13.0,clean,0.04,0.004,ok,0.0,True,0.737
carrier,bpsk,bpsk_4dB_2000,4.0,clean,0.04,0.004,ok,0.0,True,0.743
carrier,bpsk,bpsk_4dB_3000,4.0,clean,0.04,0.004,ok,0.0,True,0.759
carrier,bpsk,bpsk_4dB_4000,4.0,clean,0.04,0.004,ok,0.0,True,0.748
carrier,bpsk,bpsk_4dB_5000,4.0,clean,0.04,0.004,ok,0.0,True,0.758
carrier,bpsk,bpsk_4dB_6000,4.0,clean,0.04,0.004,ok,0.0,True,0.731
carrier,bpsk,bpsk_4dB_7000,4.0,clean,0.04,0.004,ok,0.0,True,0.755
carrier,bpsk,bpsk_4dB_8000,4.0,clean,0.04,0.004,ok,0.0,True,0.743
carrier,bpsk,bpsk_8dB_2001,8.0,clean,0.04,0.004,ok,0.0,True,0.746
carrier,bpsk,bpsk_8dB_3001,8.0,clean,0.04,0.004,ok,0.0,True,0.747
carrier,bpsk,bpsk_8dB_4001,8.0,clean,0.04,0.004,ok,0.0,True,0.743
carrier,bpsk,bpsk_8dB_5001,8.0,clean,0.04,0.004,ok,0.0,True,0.742
carrier,bpsk,bpsk_8dB_6001,8.0,clean,0.04,0.004,ok,0.0,True,0.741
carrier,bpsk,bpsk_8dB_7001,8.0,clean,0.04,0.004,ok,0.0,True,0.753
carrier,bpsk,bpsk_8dB_8001,8.0,clean,0.04,0.004,ok,0.0,True,0.744
carrier,qpsk,qpsk_10dB_2008,10.0,clean,0.04,0.004,ok,0.0,True,0.393
carrier,qpsk,qpsk_10dB_3008,10.0,clean,0.04,0.004,ok,0.0,True,0.388
carrier,qpsk,qpsk_10dB_4008,10.0,clean,0.04,0.004,ok,0.0,True,0.377
carrier,qpsk,qpsk_10dB_5008,10.0,clean,0.04,0.004,ok,0.0,True,0.398
carrier,qpsk,qpsk_10dB_6008,10.0,clean,0.04,0.004,ok,0.0,True,0.385
carrier,qpsk,qpsk_10dB_7008,10.0,clean,0.04,0.004,ok,0.0,True,0.383
carrier,qpsk,qpsk_10dB_8008,10.0,clean,0.04,0.004,ok,0.0,True,0.392
carrier,qpsk,qpsk_13dB_2009,13.0,clean,0.04,0.004,ok,0.0,True,0.381
carrier,qpsk,qpsk_13dB_3009,13.0,clean,0.04,0.004,ok,0.0,True,0.391
carrier,qpsk,qpsk_13dB_4009,13.0,clean,0.04,0.004,ok,0.0,True,0.381
carrier,qpsk,qpsk_13dB_5009,13.0,clean,0.04,0.004,ok,0.0,True,0.376
carrier,qpsk,qpsk_13dB_6009,13.0,clean,0.04,0.004,ok,0.0,True,0.407
carrier,qpsk,qpsk_13dB_7009,13.0,clean,0.04,0.004,ok,0.0,True,0.396
carrier,qpsk,qpsk_13dB_8009,13.0,clean,0.04,0.004,ok,0.0,True,0.397
carrier,qpsk,qpsk_4dB_2006,4.0,clean,0.04,0.004,ok,0.001204,True,0.396
carrier,qpsk,qpsk_4dB_3006,4.0,clean,0.04,0.004,ok,0.001355,True,0.385
carrier,qpsk,qpsk_4dB_4006,4.0,clean,0.04,0.004,ok,0.000752,True,0.391
carrier,qpsk,qpsk_4dB_5006,4.0,clean,0.04,0.004,ok,0.001152,True,0.389
carrier,qpsk,qpsk_4dB_6006,4.0,clean,0.04,0.004,ok,0.001453,True,0.394
carrier,qpsk,qpsk_4dB_7006,4.0,clean,0.04,0.004,ok,0.001555,True,0.393
carrier,qpsk,qpsk_4dB_8006,4.0,clean,0.04,0.004,ok,0.001405,True,0.393
carrier,qpsk,qpsk_8dB_2007,8.0,clean,0.04,0.004,ok,0.0,True,0.399
carrier,qpsk,qpsk_8dB_3007,8.0,clean,0.04,0.004,ok,0.0,True,0.396
carrier,qpsk,qpsk_8dB_4007,8.0,clean,0.04,0.004,ok,0.0,True,0.388
carrier,qpsk,qpsk_8dB_5007,8.0,clean,0.04,0.004,ok,0.0,True,0.386
carrier,qpsk,qpsk_8dB_6007,8.0,clean,0.04,0.004,ok,0.0,True,0.395
carrier,qpsk,qpsk_8dB_7007,8.0,clean,0.04,0.004,ok,0.0,True,0.423
carrier,qpsk,qpsk_8dB_8007,8.0,clean,0.04,0.004,ok,0.0,True,0.394
carrier,16qam,16qam_10dB_2020,10.0,offset,0.04,0.004,low_confidence,0.005714,True,0.216
carrier,16qam,16qam_10dB_3020,10.0,offset,0.04,0.004,ok,0.004568,True,0.208
carrier,16qam,16qam_10dB_4020,10.0,offset,0.04,0.004,ok,0.143089,False,0.202
carrier,16qam,16qam_10dB_5020,10.0,offset,0.04,0.004,low_confidence,0.417894,False,0.205
carrier,16qam,16qam_10dB_6020,10.0,offset,0.04,0.004,ok,0.004309,True,0.199
carrier,16qam,16qam_10dB_7020,10.0,offset,0.04,0.004,low_confidence,0.415798,False,0.212
carrier,16qam,16qam_10dB_8020,10.0,offset,0.04,0.004,ok,0.004465,True,0.209
carrier,16qam,16qam_13dB_2021,13.0,offset,0.04,0.004,ok,0.000301,True,0.207
carrier,16qam,16qam_13dB_3021,13.0,offset,0.04,0.004,ok,0.000301,True,0.199
carrier,16qam,16qam_13dB_4021,13.0,offset,0.04,0.004,low_confidence,0.0,True,0.194
carrier,16qam,16qam_13dB_5021,13.0,offset,0.04,0.004,ok,0.0001,True,0.206
carrier,16qam,16qam_13dB_6021,13.0,offset,0.04,0.004,ok,5e-05,True,0.205
carrier,16qam,16qam_13dB_7021,13.0,offset,0.04,0.004,ok,5e-05,True,0.205
carrier,16qam,16qam_13dB_8021,13.0,offset,0.04,0.004,ok,5e-05,True,0.206
carrier,16qam,16qam_4dB_2018,4.0,offset,0.04,0.004,low_confidence,0.425624,False,0.208
carrier,16qam,16qam_4dB_3018,4.0,offset,0.04,0.004,low_confidence,0.421061,False,0.21
carrier,16qam,16qam_4dB_4018,4.0,offset,0.04,0.004,low_confidence,0.420749,False,0.208
carrier,16qam,16qam_4dB_5018,4.0,offset,0.04,0.004,low_confidence,0.422309,False,0.21
carrier,16qam,16qam_4dB_6018,4.0,offset,0.04,0.004,low_confidence,0.425972,False,0.208
carrier,16qam,16qam_4dB_7018,4.0,offset,0.04,0.004,low_confidence,0.423748,False,0.21
carrier,16qam,16qam_4dB_8018,4.0,offset,0.04,0.004,low_confidence,0.412514,False,0.206
carrier,16qam,16qam_8dB_2019,8.0,offset,0.04,0.004,ok,0.16124,False,0.206
carrier,16qam,16qam_8dB_3019,8.0,offset,0.04,0.004,ok,0.018766,False,0.209
carrier,16qam,16qam_8dB_4019,8.0,offset,0.04,0.004,low_confidence,0.06664,False,0.204
carrier,16qam,16qam_8dB_5019,8.0,offset,0.04,0.004,ok,0.211153,False,0.198
carrier,16qam,16qam_8dB_6019,8.0,offset,0.04,0.004,ok,0.131722,False,0.201
carrier,16qam,16qam_8dB_7019,8.0,offset,0.04,0.004,ok,0.016352,False,0.208
carrier,16qam,16qam_8dB_8019,8.0,offset,0.04,0.004,low_confidence,0.036604,False,0.205
carrier,8psk,8psk_10dB_2014,10.0,offset,0.04,0.004,ok,0.000401,True,0.297
carrier,8psk,8psk_10dB_3014,10.0,offset,0.04,0.004,ok,0.000301,True,0.293
carrier,8psk,8psk_10dB_4014,10.0,offset,0.04,0.004,ok,0.000401,True,0.29
carrier,8psk,8psk_10dB_5014,10.0,offset,0.04,0.004,ok,0.000351,True,0.3
carrier,8psk,8psk_10dB_6014,10.0,offset,0.04,0.004,ok,0.000652,True,0.293
carrier,8psk,8psk_10dB_7014,10.0,offset,0.04,0.004,ok,0.000451,True,0.299
carrier,8psk,8psk_10dB_8014,10.0,offset,0.04,0.004,ok,0.000351,True,0.295
carrier,8psk,8psk_13dB_2015,13.0,offset,0.04,0.004,ok,0.0,True,0.299
carrier,8psk,8psk_13dB_3015,13.0,offset,0.04,0.004,ok,0.0,True,0.288
carrier,8psk,8psk_13dB_4015,13.0,offset,0.04,0.004,ok,0.0,True,0.29
carrier,8psk,8psk_13dB_5015,13.0,offset,0.04,0.004,ok,0.0,True,0.282
carrier,8psk,8psk_13dB_6015,13.0,offset,0.04,0.004,ok,0.0,True,0.299
carrier,8psk,8psk_13dB_7015,13.0,offset,0.04,0.004,ok,0.0,True,0.297
carrier,8psk,8psk_13dB_8015,13.0,offset,0.04,0.004,ok,0.0,True,0.299
carrier,8psk,8psk_4dB_2012,4.0,offset,0.04,0.004,low_confidence,0.411467,False,0.304
carrier,8psk,8psk_4dB_3012,4.0,offset,0.04,0.004,low_confidence,0.462818,False,0.297
carrier,8psk,8psk_4dB_4012,4.0,offset,0.04,0.004,low_confidence,0.44538,False,0.294
carrier,8psk,8psk_4dB_5012,4.0,offset,0.04,0.004,low_confidence,0.460039,False,0.297
carrier,8psk,8psk_4dB_6012,4.0,offset,0.04,0.004,low_confidence,0.483881,False,0.293
carrier,8psk,8psk_4dB_7012,4.0,offset,0.04,0.004,low_confidence,0.484484,False,0.293
carrier,8psk,8psk_4dB_8012,4.0,offset,0.04,0.004,low_confidence,0.41847,False,0.294
carrier,8psk,8psk_8dB_2013,8.0,offset,0.04,0.004,ok,0.003807,True,0.293
carrier,8psk,8psk_8dB_3013,8.0,offset,0.04,0.004,ok,0.002756,True,0.294
carrier,8psk,8psk_8dB_4013,8.0,offset,0.04,0.004,low_confidence,0.003658,True,0.291
carrier,8psk,8psk_8dB_5013,8.0,offset,0.04,0.004,ok,0.003259,True,0.296
carrier,8psk,8psk_8dB_6013,8.0,offset,0.04,0.004,ok,0.00366,True,0.298
carrier,8psk,8psk_8dB_7013,8.0,offset,0.04,0.004,ok,0.004013,True,0.291
carrier,8psk,8psk_8dB_8013,8.0,offset,0.04,0.004,ok,0.004507,True,0.297
carrier,bpsk,bpsk_10dB_2002,10.0,offset,0.04,0.004,ok,0.0,True,0.755
carrier,bpsk,bpsk_10dB_3002,10.0,offset,0.04,0.004,ok,0.0,True,0.745
carrier,bpsk,bpsk_10dB_4002,10.0,offset,0.04,0.004,ok,0.0,True,0.747
carrier,bpsk,bpsk_10dB_5002,10.0,offset,0.04,0.004,ok,0.0,True,0.761
carrier,bpsk,bpsk_10dB_6002,10.0,offset,0.04,0.004,ok,0.0,True,0.74
carrier,bpsk,bpsk_10dB_7002,10.0,offset,0.04,0.004,ok,0.0,True,0.764
carrier,bpsk,bpsk_10dB_8002,10.0,offset,0.04,0.004,ok,0.0,True,0.73
carrier,bpsk,bpsk_13dB_2003,13.0,offset,0.04,0.004,ok,0.0,True,0.752
carrier,bpsk,bpsk_13dB_3003,13.0,offset,0.04,0.004,ok,0.0,True,0.742
carrier,bpsk,bpsk_13dB_4003,13.0,offset,0.04,0.004,ok,0.0,True,0.752
carrier,bpsk,bpsk_13dB_5003,13.0,offset,0.04,0.004,ok,0.0,True,0.739
carrier,bpsk,bpsk_13dB_6003,13.0,offset,0.04,0.004,ok,0.0,True,0.758
carrier,bpsk,bpsk_13dB_7003,13.0,offset,0.04,0.004,ok,0.0,True,0.748
carrier,bpsk,bpsk_13dB_8003,13.0,offset,0.04,0.004,ok,0.0,True,0.752
carrier,bpsk,bpsk_4dB_2000,4.0,offset,0.04,0.004,ok,0.0,True,0.748
carrier,bpsk,bpsk_4dB_3000,4.0,offset,0.04,0.004,ok,0.0,True,0.744
carrier,bpsk,bpsk_4dB_4000,4.0,offset,0.04,0.004,ok,0.0,True,0.762
carrier,bpsk,bpsk_4dB_5000,4.0,offset,0.04,0.004,ok,0.0,True,0.75
carrier,bpsk,bpsk_4dB_6000,4.0,offset,0.04,0.004,ok,0.0,True,0.751
carrier,bpsk,bpsk_4dB_7000,4.0,offset,0.04,0.004,ok,0.0,True,0.754
carrier,bpsk,bpsk_4dB_8000,4.0,offset,0.04,0.004,ok,0.0,True,0.759
carrier,bpsk,bpsk_8dB_2001,8.0,offset,0.04,0.004,ok,0.0,True,0.738
carrier,bpsk,bpsk_8dB_3001,8.0,offset,0.04,0.004,ok,0.0,True,0.746
carrier,bpsk,bpsk_8dB_4001,8.0,offset,0.04,0.004,ok,0.0,True,0.749
carrier,bpsk,bpsk_8dB_5001,8.0,offset,0.04,0.004,ok,0.0,True,0.74
carrier,bpsk,bpsk_8dB_6001,8.0,offset,0.04,0.004,ok,0.0,True,0.754
carrier,bpsk,bpsk_8dB_7001,8.0,offset,0.04,0.004,ok,0.0,True,0.74
carrier,bpsk,bpsk_8dB_8001,8.0,offset,0.04,0.004,ok,0.0,True,0.759
carrier,qpsk,qpsk_10dB_2008,10.0,offset,0.04,0.004,ok,0.0,True,0.386
carrier,qpsk,qpsk_10dB_3008,10.0,offset,0.04,0.004,ok,0.0,True,0.386
carrier,qpsk,qpsk_10dB_4008,10.0,offset,0.04,0.004,ok,0.0,True,0.394
carrier,qpsk,qpsk_10dB_5008,10.0,offset,0.04,0.004,ok,0.0,True,0.376
carrier,qpsk,qpsk_10dB_6008,10.0,offset,0.04,0.004,low_confidence,0.0,True,0.392
carrier,qpsk,qpsk_10dB_7008,10.0,offset,0.04,0.004,ok,0.0,True,0.385
carrier,qpsk,qpsk_10dB_8008,10.0,offset,0.04,0.004,ok,0.0,True,0.389
carrier,qpsk,qpsk_13dB_2009,13.0,offset,0.04,0.004,ok,0.0,True,0.388
carrier,qpsk,qpsk_13dB_3009,13.0,offset,0.04,0.004,ok,0.0,True,0.395
carrier,qpsk,qpsk_13dB_4009,13.0,offset,0.04,0.004,ok,0.0,True,0.398
carrier,qpsk,qpsk_13dB_5009,13.0,offset,0.04,0.004,ok,0.0,True,0.381
carrier,qpsk,qpsk_13dB_6009,13.0,offset,0.04,0.004,ok,0.0,True,0.387
carrier,qpsk,qpsk_13dB_7009,13.0,offset,0.04,0.004,ok,0.0,True,0.391
carrier,qpsk,qpsk_13dB_8009,13.0,offset,0.04,0.004,ok,0.0,True,0.398
carrier,qpsk,qpsk_4dB_2006,4.0,offset,0.04,0.004,ok,0.001354,True,0.393
carrier,qpsk,qpsk_4dB_3006,4.0,offset,0.04,0.004,ok,0.001305,True,0.387
carrier,qpsk,qpsk_4dB_4006,4.0,offset,0.04,0.004,ok,0.000803,True,0.397
carrier,qpsk,qpsk_4dB_5006,4.0,offset,0.04,0.004,ok,0.001253,True,0.393
carrier,qpsk,qpsk_4dB_6006,4.0,offset,0.04,0.004,ok,0.001353,True,0.381
carrier,qpsk,qpsk_4dB_7006,4.0,offset,0.04,0.004,ok,0.001304,True,0.39
carrier,qpsk,qpsk_4dB_8006,4.0,offset,0.04,0.004,ok,0.001556,True,0.376
carrier,qpsk,qpsk_8dB_2007,8.0,offset,0.04,0.004,ok,0.0,True,0.394
carrier,qpsk,qpsk_8dB_3007,8.0,offset,0.04,0.004,ok,0.0,True,0.402
carrier,qpsk,qpsk_8dB_4007,8.0,offset,0.04,0.004,ok,0.0,True,0.394
carrier,qpsk,qpsk_8dB_5007,8.0,offset,0.04,0.004,ok,0.0,True,0.391
carrier,qpsk,qpsk_8dB_6007,8.0,offset,0.04,0.004,ok,0.0,True,0.39
carrier,qpsk,qpsk_8dB_7007,8.0,offset,0.04,0.004,ok,0.0,True,0.394
carrier,qpsk,qpsk_8dB_8007,8.0,offset,0.04,0.004,ok,0.0,True,0.385
carrier,16qam,16qam_10dB_2020,10.0,clean,0.08,0.004,ok,0.274687,False,0.211
carrier,16qam,16qam_10dB_3020,10.0,clean,0.08,0.004,ok,0.279719,False,0.199
carrier,16qam,16qam_10dB_4020,10.0,clean,0.08,0.004,low_confidence,0.039048,False,0.216
carrier,16qam,16qam_10dB_5020,10.0,clean,0.08,0.004,ok,0.213055,False,0.21
carrier,16qam,16qam_10dB_6020,10.0,clean,0.08,0.004,ok,0.168888,False,0.204
carrier,16qam,16qam_10dB_7020,10.0,clean,0.08,0.004,ok,0.251955,False,0.208
carrier,16qam,16qam_10dB_8020,10.0,clean,0.08,0.004,ok,0.027691,False,0.201
carrier,16qam,16qam_13dB_2021,13.0,clean,0.08,0.004,ok,0.000251,True,0.208
carrier,16qam,16qam_13dB_3021,13.0,clean,0.08,0.004,ok,0.0002,True,0.207
carrier,16qam,16qam_13dB_4021,13.0,clean,0.08,0.004,ok,0.0,True,0.203
carrier,16qam,16qam_13dB_5021,13.0,clean,0.08,0.004,ok,0.00015,True,0.2
carrier,16qam,16qam_13dB_6021,13.0,clean,0.08,0.004,ok,0.0001,True,0.209
carrier,16qam,16qam_13dB_7021,13.0,clean,0.08,0.004,ok,0.0001,True,0.21
carrier,16qam,16qam_13dB_8021,13.0,clean,0.08,0.004,ok,0.0002,True,0.213
carrier,16qam,16qam_4dB_2018,4.0,clean,0.08,0.004,low_confidence,0.390163,False,0.21
carrier,16qam,16qam_4dB_3018,4.0,clean,0.08,0.004,low_confidence,0.413392,False,0.204
carrier,16qam,16qam_4dB_4018,4.0,clean,0.08,0.004,low_confidence,0.418089,False,0.201
carrier,16qam,16qam_4dB_5018,4.0,clean,0.08,0.004,low_confidence,0.420704,False,0.212
carrier,16qam,16qam_4dB_6018,4.0,clean,0.08,0.004,low_confidence,0.423266,False,0.21
carrier,16qam,16qam_4dB_7018,4.0,clean,0.08,0.004,low_confidence,0.425905,False,0.206
carrier,16qam,16qam_4dB_8018,4.0,clean,0.08,0.004,low_confidence,0.424195,False,0.202
carrier,16qam,16qam_8dB_2019,8.0,clean,0.08,0.004,low_confidence,0.329944,False,0.203
carrier,16qam,16qam_8dB_3019,8.0,clean,0.08,0.004,ok,0.312845,False,0.21
carrier,16qam,16qam_8dB_4019,8.0,clean,0.08,0.004,low_confidence,0.298324,False,0.202
carrier,16qam,16qam_8dB_5019,8.0,clean,0.08,0.004,low_confidence,0.329859,False,0.201
carrier,16qam,16qam_8dB_6019,8.0,clean,0.08,0.004,low_confidence,0.303441,False,0.208
carrier,16qam,16qam_8dB_7019,8.0,clean,0.08,0.004,low_confidence,0.353682,False,0.2
carrier,16qam,16qam_8dB_8019,8.0,clean,0.08,0.004,low_confidence,0.256313,False,0.21
carrier,8psk,8psk_10dB_2014,10.0,clean,0.08,0.004,ok,0.103193,False,0.295
carrier,8psk,8psk_10dB_3014,10.0,clean,0.08,0.004,ok,0.000501,True,0.298
carrier,8psk,8psk_10dB_4014,10.0,clean,0.08,0.004,ok,0.000451,True,0.313
carrier,8psk,8psk_10dB_5014,10.0,clean,0.08,0.004,ok,0.000652,True,0.285
carrier,8psk,8psk_10dB_6014,10.0,clean,0.08,0.004,ok,0.000702,True,0.298
carrier,8psk,8psk_10dB_7014,10.0,clean,0.08,0.004,ok,0.000752,True,0.286
carrier,8psk,8psk_10dB_8014,10.0,clean,0.08,0.004,ok,0.000552,True,0.296
carrier,8psk,8psk_13dB_2015,13.0,clean,0.08,0.004,ok,0.0,True,0.296
carrier,8psk,8psk_13dB_3015,13.0,clean,0.08,0.004,ok,0.0,True,0.293
carrier,8psk,8psk_13dB_4015,13.0,clean,0.08,0.004,ok,0.0,True,0.295
carrier,8psk,8psk_13dB_5015,13.0,clean,0.08,0.004,ok,0.0,True,0.297
carrier,8psk,8psk_13dB_6015,13.0,clean,0.08,0.004,ok,0.0,True,0.303
carrier,8psk,8psk_13dB_7015,13.0,clean,0.08,0.004,ok,0.0,True,0.292
carrier,8psk,8psk_13dB_8015,13.0,clean,0.08,0.004,ok,0.0,True,0.292
carrier,8psk,8psk_4dB_2012,4.0,clean,0.08,0.004,low_confidence,0.483497,False,0.303
carrier,8psk,8psk_4dB_3012,4.0,clean,0.08,0.004,low_confidence,0.479304,False,0.298
carrier,8psk,8psk_4dB_4012,4.0,clean,0.08,0.004,low_confidence,0.48293,False,0.294
carrier,8psk,8psk_4dB_5012,4.0,clean,0.08,0.004,low_confidence,0.467355,False,0.293
carrier,8psk,8psk_4dB_6012,4.0,clean,0.08,0.004,low_confidence,0.466032,False,0.294
carrier,8psk,8psk_4dB_7012,4.0,clean,0.08,0.004,low_confidence,0.450594,False,0.291
carrier,8psk,8psk_4dB_8012,4.0,clean,0.08,0.004,low_confidence,0.458634,False,0.291
carrier,8psk,8psk_8dB_2013,8.0,clean,0.08,0.004,ok,0.134606,False,0.295
carrier,8psk,8psk_8dB_3013,8.0,clean,0.08,0.004,ok,0.307631,False,0.292
carrier,8psk,8psk_8dB_4013,8.0,clean,0.08,0.004,ok,0.168688,False,0.292
carrier,8psk,8psk_8dB_5013,8.0,clean,0.08,0.004,ok,0.336626,False,0.295
carrier,8psk,8psk_8dB_6013,8.0,clean,0.08,0.004,ok,0.243018,False,0.298
carrier,8psk,8psk_8dB_7013,8.0,clean,0.08,0.004,ok,0.246526,False,0.295
carrier,8psk,8psk_8dB_8013,8.0,clean,0.08,0.004,ok,0.204577,False,0.304
carrier,bpsk,bpsk_10dB_2002,10.0,clean,0.08,0.004,ok,0.0,True,0.747
carrier,bpsk,bpsk_10dB_3002,10.0,clean,0.08,0.004,ok,0.0,True,0.73
carrier,bpsk,bpsk_10dB_4002,10.0,clean,0.08,0.004,ok,0.0,True,0.764
carrier,bpsk,bpsk_10dB_5002,10.0,clean,0.08,0.004,ok,0.0,True,0.76
carrier,bpsk,bpsk_10dB_6002,10.0,clean,0.08,0.004,ok,0.0,True,0.748
carrier,bpsk,bpsk_10dB_7002,10.0,clean,0.08,0.004,ok,0.0,True,0.752
carrier,bpsk,bpsk_10dB_8002,10.0,clean,0.08,0.004,ok,0.0,True,0.735
carrier,bpsk,bpsk_13dB_2003,13.0,clean,0.08,0.004,ok,0.0,True,0.74
carrier,bpsk,bpsk_13dB_3003,13.0,clean,0.08,0.004,ok,0.0,True,0.742
carrier,bpsk,bpsk_13dB_4003,13.0,clean,0.08,0.004,ok,0.0,True,0.738
carrier,bpsk,bpsk_13dB_5003,13.0,clean,0.08,0.004,ok,0.0,True,0.761
carrier,bpsk,bpsk_13dB_6003,13.0,clean,0.08,0.004,ok,0.0,True,0.737
carrier,bpsk,bpsk_13dB_7003,13.0,clean,0.08,0.004,ok,0.0,True,0.745
carrier,bpsk,bpsk_13dB_8003,13.0,clean,0.08,0.004,ok,0.0,True,0.749
carrier,bpsk,bpsk_4dB_2000,4.0,clean,0.08,0.004,ok,0.0,True,0.737
carrier,bpsk,bpsk_4dB_3000,4.0,clean,0.08,0.004,ok,0.0,True,0.751
carrier,bpsk,bpsk_4dB_4000,4.0,clean,0.08,0.004,ok,0.0,True,0.742
carrier,bpsk,bpsk_4dB_5000,4.0,clean,0.08,0.004,ok,0.0,True,0.746
carrier,bpsk,bpsk_4dB_6000,4.0,clean,0.08,0.004,ok,0.0,True,0.736
carrier,bpsk,bpsk_4dB_7000,4.0,clean,0.08,0.004,ok,0.0,True,0.754
carrier,bpsk,bpsk_4dB_8000,4.0,clean,0.08,0.004,ok,0.0,True,0.742
carrier,bpsk,bpsk_8dB_2001,8.0,clean,0.08,0.004,ok,0.0,True,0.742
carrier,bpsk,bpsk_8dB_3001,8.0,clean,0.08,0.004,ok,0.0,True,0.747
carrier,bpsk,bpsk_8dB_4001,8.0,clean,0.08,0.004,ok,0.0,True,0.754
carrier,bpsk,bpsk_8dB_5001,8.0,clean,0.08,0.004,ok,0.0,True,0.746
carrier,bpsk,bpsk_8dB_6001,8.0,clean,0.08,0.004,ok,0.0,True,0.751
carrier,bpsk,bpsk_8dB_7001,8.0,clean,0.08,0.004,ok,0.0,True,0.763
carrier,bpsk,bpsk_8dB_8001,8.0,clean,0.08,0.004,ok,0.0,True,0.744
carrier,qpsk,qpsk_10dB_2008,10.0,clean,0.08,0.004,ok,0.0,True,0.391
carrier,qpsk,qpsk_10dB_3008,10.0,clean,0.08,0.004,ok,0.0,True,0.384
carrier,qpsk,qpsk_10dB_4008,10.0,clean,0.08,0.004,ok,0.0,True,0.397
carrier,qpsk,qpsk_10dB_5008,10.0,clean,0.08,0.004,ok,0.0,True,0.384
carrier,qpsk,qpsk_10dB_6008,10.0,clean,0.08,0.004,ok,0.0,True,0.387
carrier,qpsk,qpsk_10dB_7008,10.0,clean,0.08,0.004,ok,0.0,True,0.386
carrier,qpsk,qpsk_10dB_8008,10.0,clean,0.08,0.004,ok,0.0,True,0.383
carrier,qpsk,qpsk_13dB_2009,13.0,clean,0.08,0.004,ok,0.0,True,0.391
carrier,qpsk,qpsk_13dB_3009,13.0,clean,0.08,0.004,ok,0.0,True,0.388
carrier,qpsk,qpsk_13dB_4009,13.0,clean,0.08,0.004,ok,0.0,True,0.396
carrier,qpsk,qpsk_13dB_5009,13.0,clean,0.08,0.004,ok,0.0,True,0.385
carrier,qpsk,qpsk_13dB_6009,13.0,clean,0.08,0.004,ok,0.0,True,0.391
carrier,qpsk,qpsk_13dB_7009,13.0,clean,0.08,0.004,ok,0.0,True,0.402
carrier,qpsk,qpsk_13dB_8009,13.0,clean,0.08,0.004,ok,0.0,True,0.385
carrier,qpsk,qpsk_4dB_2006,4.0,clean,0.08,0.004,ok,0.024179,False,0.382
carrier,qpsk,qpsk_4dB_3006,4.0,clean,0.08,0.004,ok,0.005371,True,0.39
carrier,qpsk,qpsk_4dB_4006,4.0,clean,0.08,0.004,ok,0.109696,False,0.385
carrier,qpsk,qpsk_4dB_5006,4.0,clean,0.08,0.004,ok,0.417226,False,0.401
carrier,qpsk,qpsk_4dB_6006,4.0,clean,0.08,0.004,ok,0.193057,False,0.38
carrier,qpsk,qpsk_4dB_7006,4.0,clean,0.08,0.004,ok,0.001856,True,0.402
carrier,qpsk,qpsk_4dB_8006,4.0,clean,0.08,0.004,ok,0.002409,True,0.39
carrier,qpsk,qpsk_8dB_2007,8.0,clean,0.08,0.004,ok,0.0,True,0.384
carrier,qpsk,qpsk_8dB_3007,8.0,clean,0.08,0.004,ok,0.0,True,0.393
carrier,qpsk,qpsk_8dB_4007,8.0,clean,0.08,0.004,ok,0.0,True,0.397
carrier,qpsk,qpsk_8dB_5007,8.0,clean,0.08,0.004,ok,0.0,True,0.392
carrier,qpsk,qpsk_8dB_6007,8.0,clean,0.08,0.004,ok,0.0,True,0.398
carrier,qpsk,qpsk_8dB_7007,8.0,clean,0.08,0.004,ok,0.0,True,0.382
carrier,qpsk,qpsk_8dB_8007,8.0,clean,0.08,0.004,ok,0.0,True,0.391
carrier,16qam,16qam_10dB_2020,10.0,offset,0.08,0.004,low_confidence,0.281103,False,0.207
carrier,16qam,16qam_10dB_3020,10.0,offset,0.08,0.004,ok,0.315914,False,0.206
carrier,16qam,16qam_10dB_4020,10.0,offset,0.08,0.004,ok,0.307719,False,0.2
carrier,16qam,16qam_10dB_5020,10.0,offset,0.08,0.004,ok,0.238203,False,0.207
carrier,16qam,16qam_10dB_6020,10.0,offset,0.08,0.004,ok,0.289178,False,0.209
carrier,16qam,16qam_10dB_7020,10.0,offset,0.08,0.004,ok,0.269697,False,0.201
carrier,16qam,16qam_10dB_8020,10.0,offset,0.08,0.004,ok,0.172469,False,0.205
carrier,16qam,16qam_13dB_2021,13.0,offset,0.08,0.004,ok,0.000552,True,0.209
carrier,16qam,16qam_13dB_3021,13.0,offset,0.08,0.004,ok,0.000401,True,0.208
carrier,16qam,16qam_13dB_4021,13.0,offset,0.08,0.004,low_confidence,5e-05,True,0.201
carrier,16qam,16qam_13dB_5021,13.0,offset,0.08,0.004,ok,0.000451,True,0.209
carrier,16qam,16qam_13dB_6021,13.0,offset,0.08,0.004,ok,0.000351,True,0.199
carrier,16qam,16qam_13dB_7021,13.0,offset,0.08,0.004,ok,0.000251,True,0.201
carrier,16qam,16qam_13dB_8021,13.0,offset,0.08,0.004,ok,0.00025,True,0.201
carrier,16qam,16qam_4dB_2018,4.0,offset,0.08,0.004,low_confidence,0.421066,False,0.207
carrier,16qam,16qam_4dB_3018,4.0,offset,0.08,0.004,low_confidence,0.42076,False,0.21
carrier,16qam,16qam_4dB_4018,4.0,offset,0.08,0.004,low_confidence,0.425517,False,0.209
carrier,16qam,16qam_4dB_5018,4.0,offset,0.08,0.004,low_confidence,0.423061,False,0.209
carrier,16qam,16qam_4dB_6018,4.0,offset,0.08,0.004,low_confidence,0.419607,False,0.208
carrier,16qam,16qam_4dB_7018,4.0,offset,0.08,0.004,low_confidence,0.416274,False,0.204
carrier,16qam,16qam_4dB_8018,4.0,offset,0.08,0.004,low_confidence,0.419934,False,0.207
carrier,16qam,16qam_8dB_2019,8.0,offset,0.08,0.004,low_confidence,0.206876,False,0.199
carrier,16qam,16qam_8dB_3019,8.0,offset,0.08,0.004,low_confidence,0.279303,False,0.205
carrier,16qam,16qam_8dB_4019,8.0,offset,0.08,0.004,low_confidence,0.279105,False,0.202
carrier,16qam,16qam_8dB_5019,8.0,offset,0.08,0.004,low_confidence,0.314055,False,0.198
carrier,16qam,16qam_8dB_6019,8.0,offset,0.08,0.004,low_confidence,0.270132,False,0.194
carrier,16qam,16qam_8dB_7019,8.0,offset,0.08,0.004,low_confidence,0.334721,False,0.198
carrier,16qam,16qam_8dB_8019,8.0,offset,0.08,0.004,low_confidence,0.342285,False,0.2
carrier,8psk,8psk_10dB_2014,10.0,offset,0.08,0.004,ok,0.083897,False,0.29
carrier,8psk,8psk_10dB_3014,10.0,offset,0.08,0.004,ok,0.000551,True,0.289
carrier,8psk,8psk_10dB_4014,10.0,offset,0.08,0.004,ok,0.000552,True,0.29
carrier,8psk,8psk_10dB_5014,10.0,offset,0.08,0.004,ok,0.000652,True,0.292
carrier,8psk,8psk_10dB_6014,10.0,offset,0.08,0.004,ok,0.000702,True,0.302
carrier,8psk,8psk_10dB_7014,10.0,offset,0.08,0.004,ok,0.000853,True,0.297
carrier,8psk,8psk_10dB_8014,10.0,offset,0.08,0.004,ok,0.000552,True,0.29
carrier,8psk,8psk_13dB_2015,13.0,offset,0.08,0.004,ok,0.0,True,0.298
carrier,8psk,8psk_13dB_3015,13.0,offset,0.08,0.004,ok,0.0,True,0.3
carrier,8psk,8psk_13dB_4015,13.0,offset,0.08,0.004,ok,0.0,True,0.294
carrier,8psk,8psk_13dB_5015,13.0,offset,0.08,0.004,ok,0.0,True,0.291
carrier,8psk,8psk_13dB_6015,13.0,offset,0.08,0.004,ok,0.0,True,0.29
carrier,8psk,8psk_13dB_7015,13.0,offset,0.08,0.004,ok,0.0,True,0.296
carrier,8psk,8psk_13dB_8015,13.0,offset,0.08,0.004,ok,0.0,True,0.291
carrier,8psk,8psk_4dB_2012,4.0,offset,0.08,0.004,low_confidence,0.470154,False,0.3
carrier,8psk,8psk_4dB_3012,4.0,offset,0.08,0.004,low_confidence,0.479555,False,0.307
carrier,8psk,8psk_4dB_4012,4.0,offset,0.08,0.004,low_confidence,0.483581,False,0.29
carrier,8psk,8psk_4dB_5012,4.0,offset,0.08,0.004,low_confidence,0.47903,False,0.302
carrier,8psk,8psk_4dB_6012,4.0,offset,0.08,0.004,low_confidence,0.482427,False,0.287
carrier,8psk,8psk_4dB_7012,4.0,offset,0.08,0.004,low_confidence,0.465534,False,0.296
carrier,8psk,8psk_4dB_8012,4.0,offset,0.08,0.004,low_confidence,0.471304,False,0.287
carrier,8psk,8psk_8dB_2013,8.0,offset,0.08,0.004,ok,0.085462,False,0.3
carrier,8psk,8psk_8dB_3013,8.0,offset,0.08,0.004,ok,0.186833,False,0.305
carrier,8psk,8psk_8dB_4013,8.0,offset,0.08,0.004,low_confidence,0.255337,False,0.286
carrier,8psk,8psk_8dB_5013,8.0,offset,0.08,0.004,ok,0.404161,False,0.292
carrier,8psk,8psk_8dB_6013,8.0,offset,0.08,0.004,ok,0.319779,False,0.287
carrier,8psk,8psk_8dB_7013,8.0,offset,0.08,0.004,ok,0.116841,False,0.295
carrier,8psk,8psk_8dB_8013,8.0,offset,0.08,0.004,ok,0.167919,False,0.292
carrier,bpsk,bpsk_10dB_2002,10.0,offset,0.08,0.004,ok,0.0,True,0.76
carrier,bpsk,bpsk_10dB_3002,10.0,offset,0.08,0.004,ok,0.0,True,0.747
carrier,bpsk,bpsk_10dB_4002,10.0,offset,0.08,0.004,ok,0.0,True,0.753
carrier,bpsk,bpsk_10dB_5002,10.0,offset,0.08,0.004,ok,0.0,True,0.749
carrier,bpsk,bpsk_10dB_6002,10.0,offset,0.08,0.004,ok,0.0,True,0.753
carrier,bpsk,bpsk_10dB_7002,10.0,offset,0.08,0.004,ok,0.0,True,0.73
carrier,bpsk,bpsk_10dB_8002,10.0,offset,0.08,0.004,ok,0.0,True,0.747
carrier,bpsk,bpsk_13dB_2003,13.0,offset,0.08,0.004,ok,0.0,True,0.732
carrier,bpsk,bpsk_13dB_3003,13.0,offset,0.08,0.004,ok,0.0,True,0.747
carrier,bpsk,bpsk_13dB_4003,13.0,offset,0.08,0.004,ok,0.0,True,0.739
carrier,bpsk,bpsk_13dB_5003,13.0,offset,0.08,0.004,ok,0.0,True,0.736
carrier,bpsk,bpsk_13dB_6003,13.0,offset,0.08,0.004,ok,0.0,True,0.734
carrier,bpsk,bpsk_13dB_7003,13.0,offset,0.08,0.004,ok,0.0,True,0.728
carrier,bpsk,bpsk_13dB_8003,13.0,offset,0.08,0.004,ok,0.0,True,0.747
carrier,bpsk,bpsk_4dB_2000,4.0,offset,0.08,0.004,ok,0.0,True,0.757
carrier,bpsk,bpsk_4dB_3000,4.0,offset,0.08,0.004,ok,0.0,True,0.734
carrier,bpsk,bpsk_4dB_4000,4.0,offset,0.08,0.004,ok,0.0,True,0.743
carrier,bpsk,bpsk_4dB_5000,4.0,offset,0.08,0.004,ok,0.0,True,0.751
carrier,bpsk,bpsk_4dB_6000,4.0,offset,0.08,0.004,ok,0.0,True,0.761
carrier,bpsk,bpsk_4dB_7000,4.0,offset,0.08,0.004,ok,0.0001,True,0.761
carrier,bpsk,bpsk_4dB_8000,4.0,offset,0.08,0.004,ok,0.0,True,0.753
carrier,bpsk,bpsk_8dB_2001,8.0,offset,0.08,0.004,ok,0.0,True,0.764
carrier,bpsk,bpsk_8dB_3001,8.0,offset,0.08,0.004,ok,0.0,True,0.746
carrier,bpsk,bpsk_8dB_4001,8.0,offset,0.08,0.004,ok,0.0,True,0.759
carrier,bpsk,bpsk_8dB_5001,8.0,offset,0.08,0.004,ok,0.0,True,0.743
carrier,bpsk,bpsk_8dB_6001,8.0,offset,0.08,0.004,ok,0.0,True,0.771
carrier,bpsk,bpsk_8dB_7001,8.0,offset,0.08,0.004,ok,0.0,True,0.744
carrier,bpsk,bpsk_8dB_8001,8.0,offset,0.08,0.004,ok,0.0,True,0.754
carrier,qpsk,qpsk_10dB_2008,10.0,offset,0.08,0.004,ok,0.0,True,0.391
carrier,qpsk,qpsk_10dB_3008,10.0,offset,0.08,0.004,ok,0.0,True,0.381
carrier,qpsk,qpsk_10dB_4008,10.0,offset,0.08,0.004,ok,0.0,True,0.39
carrier,qpsk,qpsk_10dB_5008,10.0,offset,0.08,0.004,ok,5e-05,True,0.387
carrier,qpsk,qpsk_10dB_6008,10.0,offset,0.08,0.004,low_confidence,0.0,True,0.386
carrier,qpsk,qpsk_10dB_7008,10.0,offset,0.08,0.004,ok,0.0,True,0.379
carrier,qpsk,qpsk_10dB_8008,10.0,offset,0.08,0.004,ok,0.0,True,0.396
carrier,qpsk,qpsk_13dB_2009,13.0,offset,0.08,0.004,ok,0.0,True,0.384
carrier,qpsk,qpsk_13dB_3009,13.0,offset,0.08,0.004,ok,0.0,True,0.398
carrier,qpsk,qpsk_13dB_4009,13.0,offset,0.08,0.004,ok,0.0,True,0.386
carrier,qpsk,qpsk_13dB_5009,13.0,offset,0.08,0.004,ok,0.0,True,0.386
carrier,qpsk,qpsk_13dB_6009,13.0,offset,0.08,0.004,ok,0.0,True,0.38
carrier,qpsk,qpsk_13dB_7009,13.0,offset,0.08,0.004,ok,0.0,True,0.389
carrier,qpsk,qpsk_13dB_8009,13.0,offset,0.08,0.004,ok,0.0,True,0.377
carrier,qpsk,qpsk_4dB_2006,4.0,offset,0.08,0.004,ok,0.024881,False,0.391
carrier,qpsk,qpsk_4dB_3006,4.0,offset,0.08,0.004,ok,0.005522,True,0.387
carrier,qpsk,qpsk_4dB_4006,4.0,offset,0.08,0.004,ok,0.146261,False,0.385
carrier,qpsk,qpsk_4dB_5006,4.0,offset,0.08,0.004,ok,0.279086,False,0.382
carrier,qpsk,qpsk_4dB_6006,4.0,offset,0.08,0.004,ok,0.192957,False,0.399
carrier,qpsk,qpsk_4dB_7006,4.0,offset,0.08,0.004,ok,0.001655,True,0.395
carrier,qpsk,qpsk_4dB_8006,4.0,offset,0.08,0.004,ok,0.003212,True,0.386
carrier,qpsk,qpsk_8dB_2007,8.0,offset,0.08,0.004,ok,0.0,True,0.394
carrier,qpsk,qpsk_8dB_3007,8.0,offset,0.08,0.004,ok,0.0,True,0.408
carrier,qpsk,qpsk_8dB_4007,8.0,offset,0.08,0.004,ok,0.0,True,0.389
carrier,qpsk,qpsk_8dB_5007,8.0,offset,0.08,0.004,ok,0.0,True,0.407
carrier,qpsk,qpsk_8dB_6007,8.0,offset,0.08,0.004,ok,0.0,True,0.388
carrier,qpsk,qpsk_8dB_7007,8.0,offset,0.08,0.004,ok,0.0,True,0.388
carrier,qpsk,qpsk_8dB_8007,8.0,offset,0.08,0.004,ok,0.0,True,0.393
timing,16qam,16qam_10dB_2020,10.0,clean,0.04,0.001,ok,0.007018,True,0.201
timing,16qam,16qam_10dB_3020,10.0,clean,0.04,0.001,ok,0.003112,True,0.209
timing,16qam,16qam_10dB_4020,10.0,clean,0.04,0.001,ok,0.003759,True,0.204
timing,16qam,16qam_10dB_5020,10.0,clean,0.04,0.001,ok,0.003607,True,0.213
timing,16qam,16qam_10dB_6020,10.0,clean,0.04,0.001,ok,0.007465,True,0.197
timing,16qam,16qam_10dB_7020,10.0,clean,0.04,0.001,ok,0.078388,False,0.199
timing,16qam,16qam_10dB_8020,10.0,clean,0.04,0.001,ok,0.003461,True,0.207
timing,16qam,16qam_13dB_2021,13.0,clean,0.04,0.001,low_confidence,0.368745,False,0.191
timing,16qam,16qam_13dB_3021,13.0,clean,0.04,0.001,ok,0.00015,True,0.208
timing,16qam,16qam_13dB_4021,13.0,clean,0.04,0.001,ok,0.000501,True,0.203
timing,16qam,16qam_13dB_5021,13.0,clean,0.04,0.001,ok,0.000501,True,0.199
timing,16qam,16qam_13dB_6021,13.0,clean,0.04,0.001,ok,0.001904,True,0.206
timing,16qam,16qam_13dB_7021,13.0,clean,0.04,0.001,ok,0.000501,True,0.208
timing,16qam,16qam_13dB_8021,13.0,clean,0.04,0.001,ok,0.000301,True,0.209
timing,16qam,16qam_4dB_2018,4.0,clean,0.04,0.001,low_confidence,0.47035,False,0.208
timing,16qam,16qam_4dB_3018,4.0,clean,0.04,0.001,low_confidence,0.410585,False,0.209
timing,16qam,16qam_4dB_4018,4.0,clean,0.04,0.001,low_confidence,0.471341,False,0.208
timing,16qam,16qam_4dB_5018,4.0,clean,0.04,0.001,low_confidence,0.450246,False,0.212
timing,16qam,16qam_4dB_6018,4.0,clean,0.04,0.001,low_confidence,0.453789,False,0.212
timing,16qam,16qam_4dB_7018,4.0,clean,0.04,0.001,low_confidence,0.411257,False,0.202
timing,16qam,16qam_4dB_8018,4.0,clean,0.04,0.001,low_confidence,0.47784,False,0.206
timing,16qam,16qam_8dB_2019,8.0,clean,0.04,0.001,ok,0.255159,False,0.204
timing,16qam,16qam_8dB_3019,8.0,clean,0.04,0.001,ok,0.014501,False,0.217
timing,16qam,16qam_8dB_4019,8.0,clean,0.04,0.001,low_confidence,0.40004,False,0.208
timing,16qam,16qam_8dB_5019,8.0,clean,0.04,0.001,ok,0.322582,False,0.199
timing,16qam,16qam_8dB_6019,8.0,clean,0.04,0.001,ok,0.019761,False,0.2
timing,16qam,16qam_8dB_7019,8.0,clean,0.04,0.001,low_confidence,0.02533,False,0.196
timing,16qam,16qam_8dB_8019,8.0,clean,0.04,0.001,ok,0.021092,False,0.211
timing,8psk,8psk_10dB_2014,10.0,clean,0.04,0.001,ok,0.000551,True,0.297
timing,8psk,8psk_10dB_3014,10.0,clean,0.04,0.001,ok,0.000451,True,0.292
timing,8psk,8psk_10dB_4014,10.0,clean,0.04,0.001,ok,0.000486,True,0.276
timing,8psk,8psk_10dB_5014,10.0,clean,0.04,0.001,ok,0.000452,True,0.291
timing,8psk,8psk_10dB_6014,10.0,clean,0.04,0.001,ok,0.000253,True,0.287
timing,8psk,8psk_10dB_7014,10.0,clean,0.04,0.001,ok,0.000401,True,0.297
timing,8psk,8psk_10dB_8014,10.0,clean,0.04,0.001,ok,0.000502,True,0.288
timing,8psk,8psk_13dB_2015,13.0,clean,0.04,0.001,ok,0.0,True,0.299
timing,8psk,8psk_13dB_3015,13.0,clean,0.04,0.001,ok,0.0,True,0.291
timing,8psk,8psk_13dB_4015,13.0,clean,0.04,0.001,ok,0.0,True,0.304
timing,8psk,8psk_13dB_5015,13.0,clean,0.04,0.001,ok,5e-05,True,0.294
timing,8psk,8psk_13dB_6015,13.0,clean,0.04,0.001,ok,0.0,True,0.295
timing,8psk,8psk_13dB_7015,13.0,clean,0.04,0.001,ok,0.0,True,0.301
timing,8psk,8psk_13dB_8015,13.0,clean,0.04,0.001,ok,0.0,True,0.285
timing,8psk,8psk_4dB_2012,4.0,clean,0.04,0.001,low_confidence,0.378862,False,0.293
timing,8psk,8psk_4dB_3012,4.0,clean,0.04,0.001,low_confidence,0.387052,False,0.288
timing,8psk,8psk_4dB_4012,4.0,clean,0.04,0.001,low_confidence,0.44147,False,0.291
timing,8psk,8psk_4dB_5012,4.0,clean,0.04,0.001,low_confidence,0.387082,False,0.294
timing,8psk,8psk_4dB_6012,4.0,clean,0.04,0.001,low_confidence,0.450088,False,0.3
timing,8psk,8psk_4dB_7012,4.0,clean,0.04,0.001,low_confidence,0.376347,False,0.294
timing,8psk,8psk_4dB_8012,4.0,clean,0.04,0.001,low_confidence,0.480669,False,0.285
timing,8psk,8psk_8dB_2013,8.0,clean,0.04,0.001,ok,0.002879,True,0.28
timing,8psk,8psk_8dB_3013,8.0,clean,0.04,0.001,ok,0.003257,True,0.299
timing,8psk,8psk_8dB_4013,8.0,clean,0.04,0.001,ok,0.003887,True,0.283
timing,8psk,8psk_8dB_5013,8.0,clean,0.04,0.001,ok,0.003359,True,0.293
timing,8psk,8psk_8dB_6013,8.0,clean,0.04,0.001,ok,0.126648,False,0.295
timing,8psk,8psk_8dB_7013,8.0,clean,0.04,0.001,ok,0.003462,True,0.291
timing,8psk,8psk_8dB_8013,8.0,clean,0.04,0.001,ok,0.006011,True,0.278
timing,bpsk,bpsk_10dB_2002,10.0,clean,0.02,0.001,ok,0.0,True,0.75
timing,bpsk,bpsk_10dB_3002,10.0,clean,0.02,0.001,ok,0.0,True,0.741
timing,bpsk,bpsk_10dB_4002,10.0,clean,0.02,0.001,ok,0.087669,False,0.751
timing,bpsk,bpsk_10dB_5002,10.0,clean,0.02,0.001,ok,0.0,True,0.737
timing,bpsk,bpsk_10dB_6002,10.0,clean,0.02,0.001,ok,0.0,True,0.741
timing,bpsk,bpsk_10dB_7002,10.0,clean,0.02,0.001,ok,0.0,True,0.744
timing,bpsk,bpsk_10dB_8002,10.0,clean,0.02,0.001,ok,0.0,True,0.754
timing,bpsk,bpsk_13dB_2003,13.0,clean,0.02,0.001,ok,0.0,True,0.745
timing,bpsk,bpsk_13dB_3003,13.0,clean,0.02,0.001,ok,0.022262,False,0.741
timing,bpsk,bpsk_13dB_4003,13.0,clean,0.02,0.001,ok,0.000402,True,0.754
timing,bpsk,bpsk_13dB_5003,13.0,clean,0.02,0.001,ok,0.0,True,0.736
timing,bpsk,bpsk_13dB_6003,13.0,clean,0.02,0.001,ok,0.028072,False,0.735
timing,bpsk,bpsk_13dB_7003,13.0,clean,0.02,0.001,ok,0.0,True,0.762
timing,bpsk,bpsk_13dB_8003,13.0,clean,0.02,0.001,ok,0.0,True,0.756
timing,bpsk,bpsk_4dB_2000,4.0,clean,0.02,0.001,ok,0.0,True,0.756
timing,bpsk,bpsk_4dB_3000,4.0,clean,0.02,0.001,ok,0.0,True,0.733
timing,bpsk,bpsk_4dB_4000,4.0,clean,0.02,0.001,ok,0.0,True,0.744
timing,bpsk,bpsk_4dB_5000,4.0,clean,0.02,0.001,ok,0.026689,False,0.737
timing,bpsk,bpsk_4dB_6000,4.0,clean,0.02,0.001,ok,5e-05,True,0.734
timing,bpsk,bpsk_4dB_7000,4.0,clean,0.02,0.001,ok,0.0,True,0.754
timing,bpsk,bpsk_4dB_8000,4.0,clean,0.02,0.001,ok,0.0,True,0.739
timing,bpsk,bpsk_8dB_2001,8.0,clean,0.02,0.001,ok,0.049611,False,0.757
timing,bpsk,bpsk_8dB_3001,8.0,clean,0.02,0.001,ok,0.0,True,0.751
timing,bpsk,bpsk_8dB_4001,8.0,clean,0.02,0.001,ok,0.076904,False,0.743
timing,bpsk,bpsk_8dB_5001,8.0,clean,0.02,0.001,ok,0.0,True,0.742
timing,bpsk,bpsk_8dB_6001,8.0,clean,0.02,0.001,ok,0.0,True,0.735
timing,bpsk,bpsk_8dB_7001,8.0,clean,0.02,0.001,ok,0.0,True,0.754
timing,bpsk,bpsk_8dB_8001,8.0,clean,0.02,0.001,ok,0.0,True,0.743
timing,qpsk,qpsk_10dB_2008,10.0,clean,0.02,0.001,ok,0.0,True,0.389
timing,qpsk,qpsk_10dB_3008,10.0,clean,0.02,0.001,ok,0.0,True,0.384
timing,qpsk,qpsk_10dB_4008,10.0,clean,0.02,0.001,ok,0.0,True,0.384
timing,qpsk,qpsk_10dB_5008,10.0,clean,0.02,0.001,ok,0.0,True,0.411
timing,qpsk,qpsk_10dB_6008,10.0,clean,0.02,0.001,ok,0.0,True,0.387
timing,qpsk,qpsk_10dB_7008,10.0,clean,0.02,0.001,ok,0.0,True,0.4
timing,qpsk,qpsk_10dB_8008,10.0,clean,0.02,0.001,ok,0.0,True,0.38
timing,qpsk,qpsk_13dB_2009,13.0,clean,0.02,0.001,ok,0.065958,False,0.385
timing,qpsk,qpsk_13dB_3009,13.0,clean,0.02,0.001,ok,0.0,True,0.39
timing,qpsk,qpsk_13dB_4009,13.0,clean,0.02,0.001,ok,0.0,True,0.39
timing,qpsk,qpsk_13dB_5009,13.0,clean,0.02,0.001,ok,0.0,True,0.405
timing,qpsk,qpsk_13dB_6009,13.0,clean,0.02,0.001,ok,0.0,True,0.379
timing,qpsk,qpsk_13dB_7009,13.0,clean,0.02,0.001,ok,0.0,True,0.389
timing,qpsk,qpsk_13dB_8009,13.0,clean,0.02,0.001,ok,0.0,True,0.393
timing,qpsk,qpsk_4dB_2006,4.0,clean,0.02,0.001,ok,0.001053,True,0.394
timing,qpsk,qpsk_4dB_3006,4.0,clean,0.02,0.001,ok,0.000853,True,0.395
timing,qpsk,qpsk_4dB_4006,4.0,clean,0.02,0.001,ok,0.000702,True,0.389
timing,qpsk,qpsk_4dB_5006,4.0,clean,0.02,0.001,ok,0.001804,True,0.385
timing,qpsk,qpsk_4dB_6006,4.0,clean,0.02,0.001,ok,0.001453,True,0.4
timing,qpsk,qpsk_4dB_7006,4.0,clean,0.02,0.001,ok,0.001103,True,0.376
timing,qpsk,qpsk_4dB_8006,4.0,clean,0.02,0.001,ok,0.000954,True,0.405
timing,qpsk,qpsk_8dB_2007,8.0,clean,0.02,0.001,ok,0.0,True,0.387
timing,qpsk,qpsk_8dB_3007,8.0,clean,0.02,0.001,ok,0.0,True,0.382
timing,qpsk,qpsk_8dB_4007,8.0,clean,0.02,0.001,ok,0.0,True,0.385
timing,qpsk,qpsk_8dB_5007,8.0,clean,0.02,0.001,ok,0.0,True,0.393
timing,qpsk,qpsk_8dB_6007,8.0,clean,0.02,0.001,ok,0.0,True,0.389
timing,qpsk,qpsk_8dB_7007,8.0,clean,0.02,0.001,ok,0.059885,False,0.39
timing,qpsk,qpsk_8dB_8007,8.0,clean,0.02,0.001,ok,0.0,True,0.393
timing,16qam,16qam_10dB_2020,10.0,phase,0.04,0.001,ok,0.003609,True,0.218
timing,16qam,16qam_10dB_3020,10.0,phase,0.04,0.001,ok,0.002761,True,0.206
timing,16qam,16qam_10dB_4020,10.0,phase,0.04,0.001,ok,0.003208,True,0.207
timing,16qam,16qam_10dB_5020,10.0,phase,0.04,0.001,ok,0.003306,True,0.21
timing,16qam,16qam_10dB_6020,10.0,phase,0.04,0.001,ok,0.003257,True,0.209
timing,16qam,16qam_10dB_7020,10.0,phase,0.04,0.001,ok,0.003208,True,0.209
timing,16qam,16qam_10dB_8020,10.0,phase,0.04,0.001,ok,0.00311,True,0.2
timing,16qam,16qam_13dB_2021,13.0,phase,0.04,0.001,ok,0.00015,True,0.21
timing,16qam,16qam_13dB_3021,13.0,phase,0.04,0.001,ok,0.0001,True,0.203
timing,16qam,16qam_13dB_4021,13.0,phase,0.04,0.001,ok,0.0,True,0.207
timing,16qam,16qam_13dB_5021,13.0,phase,0.04,0.001,ok,0.0,True,0.208
timing,16qam,16qam_13dB_6021,13.0,phase,0.04,0.001,ok,5e-05,True,0.202
timing,16qam,16qam_13dB_7021,13.0,phase,0.04,0.001,ok,0.0,True,0.211
timing,16qam,16qam_13dB_8021,13.0,phase,0.04,0.001,ok,5e-05,True,0.206
timing,16qam,16qam_4dB_2018,4.0,phase,0.04,0.001,low_confidence,0.413703,False,0.208
timing,16qam,16qam_4dB_3018,4.0,phase,0.04,0.001,low_confidence,0.421562,False,0.21
timing,16qam,16qam_4dB_4018,4.0,phase,0.04,0.001,low_confidence,0.388376,False,0.207
timing,16qam,16qam_4dB_5018,4.0,phase,0.04,0.001,low_confidence,0.376317,False,0.217
timing,16qam,16qam_4dB_6018,4.0,phase,0.04,0.001,low_confidence,0.415698,False,0.207
timing,16qam,16qam_4dB_7018,4.0,phase,0.04,0.001,low_confidence,0.421491,False,0.204
timing,16qam,16qam_4dB_8018,4.0,phase,0.04,0.001,low_confidence,0.383385,False,0.214
timing,16qam,16qam_8dB_2019,8.0,phase,0.04,0.001,ok,0.093568,False,0.209
timing,16qam,16qam_8dB_3019,8.0,phase,0.04,0.001,ok,0.01425,False,0.207
timing,16qam,16qam_8dB_4019,8.0,phase,0.04,0.001,ok,0.019169,False,0.211
timing,16qam,16qam_8dB_5019,8.0,phase,0.04,0.001,ok,0.018108,False,0.201
timing,16qam,16qam_8dB_6019,8.0,phase,0.04,0.001,ok,0.022119,False,0.201
timing,16qam,16qam_8dB_7019,8.0,phase,0.04,0.001,ok,0.014597,False,0.2
timing,16qam,16qam_8dB_8019,8.0,phase,0.04,0.001,ok,0.06513,False,0.206
timing,8psk,8psk_10dB_2014,10.0,phase,0.04,0.001,ok,0.000401,True,0.297
timing,8psk,8psk_10dB_3014,10.0,phase,0.04,0.001,ok,0.000401,True,0.291
timing,8psk,8psk_10dB_4014,10.0,phase,0.04,0.001,ok,0.000501,True,0.287
timing,8psk,8psk_10dB_5014,10.0,phase,0.04,0.001,ok,0.000301,True,0.3
timing,8psk,8psk_10dB_6014,10.0,phase,0.04,0.001,ok,0.000552,True,0.287
timing,8psk,8psk_10dB_7014,10.0,phase,0.04,0.001,ok,0.000451,True,0.299
timing,8psk,8psk_10dB_8014,10.0,phase,0.04,0.001,ok,0.000301,True,0.295
timing,8psk,8psk_13dB_2015,13.0,phase,0.04,0.001,ok,0.0,True,0.284
timing,8psk,8psk_13dB_3015,13.0,phase,0.04,0.001,ok,0.0,True,0.294
timing,8psk,8psk_13dB_4015,13.0,phase,0.04,0.001,ok,0.0,True,0.285
timing,8psk,8psk_13dB_5015,13.0,phase,0.04,0.001,ok,0.0,True,0.29
timing,8psk,8psk_13dB_6015,13.0,phase,0.04,0.001,ok,0.0,True,0.289
timing,8psk,8psk_13dB_7015,13.0,phase,0.04,0.001,ok,0.0,True,0.288
timing,8psk,8psk_13dB_8015,13.0,phase,0.04,0.001,ok,0.0,True,0.291
timing,8psk,8psk_4dB_2012,4.0,phase,0.04,0.001,low_confidence,0.302669,False,0.289
timing,8psk,8psk_4dB_3012,4.0,phase,0.04,0.001,low_confidence,0.398477,False,0.295
timing,8psk,8psk_4dB_4012,4.0,phase,0.04,0.001,low_confidence,0.468291,False,0.297
timing,8psk,8psk_4dB_5012,4.0,phase,0.04,0.001,low_confidence,0.43719,False,0.304
timing,8psk,8psk_4dB_6012,4.0,phase,0.04,0.001,low_confidence,0.433342,False,0.296
timing,8psk,8psk_4dB_7012,4.0,phase,0.04,0.001,low_confidence,0.421768,False,0.286
timing,8psk,8psk_4dB_8012,4.0,phase,0.04,0.001,low_confidence,0.355919,False,0.294
timing,8psk,8psk_8dB_2013,8.0,phase,0.04,0.001,ok,0.003406,True,0.296
timing,8psk,8psk_8dB_3013,8.0,phase,0.04,0.001,ok,0.003156,True,0.294
timing,8psk,8psk_8dB_4013,8.0,phase,0.04,0.001,ok,0.003308,True,0.287
timing,8psk,8psk_8dB_5013,8.0,phase,0.04,0.001,ok,0.00356,True,0.288
timing,8psk,8psk_8dB_6013,8.0,phase,0.04,0.001,ok,0.126799,False,0.292
timing,8psk,8psk_8dB_7013,8.0,phase,0.04,0.001,ok,0.003361,True,0.298
timing,8psk,8psk_8dB_8013,8.0,phase,0.04,0.001,ok,0.003806,True,0.297
timing,bpsk,bpsk_10dB_2002,10.0,phase,0.02,0.001,ok,0.0,True,0.747
timing,bpsk,bpsk_10dB_3002,10.0,phase,0.02,0.001,ok,0.0,True,0.749
timing,bpsk,bpsk_10dB_4002,10.0,phase,0.02,0.001,ok,0.0,True,0.74
timing,bpsk,bpsk_10dB_5002,10.0,phase,0.02,0.001,ok,0.0,True,0.747
timing,bpsk,bpsk_10dB_6002,10.0,phase,0.02,0.001,ok,0.0,True,0.742
timing,bpsk,bpsk_10dB_7002,10.0,phase,0.02,0.001,ok,0.0,True,0.733
timing,bpsk,bpsk_10dB_8002,10.0,phase,0.02,0.001,ok,0.0,True,0.746
timing,bpsk,bpsk_13dB_2003,13.0,phase,0.02,0.001,ok,0.0,True,0.743
timing,bpsk,bpsk_13dB_3003,13.0,phase,0.02,0.001,ok,0.0,True,0.742
timing,bpsk,bpsk_13dB_4003,13.0,phase,0.02,0.001,ok,0.0,True,0.744
timing,bpsk,bpsk_13dB_5003,13.0,phase,0.02,0.001,ok,0.0,True,0.754
timing,bpsk,bpsk_13dB_6003,13.0,phase,0.02,0.001,ok,0.0,True,0.75
timing,bpsk,bpsk_13dB_7003,13.0,phase,0.02,0.001,ok,0.0,True,0.738
timing,bpsk,bpsk_13dB_8003,13.0,phase,0.02,0.001,ok,0.0,True,0.739
timing,bpsk,bpsk_4dB_2000,4.0,phase,0.02,0.001,ok,0.0,True,0.746
timing,bpsk,bpsk_4dB_3000,4.0,phase,0.02,0.001,ok,0.0,True,0.753
timing,bpsk,bpsk_4dB_4000,4.0,phase,0.02,0.001,ok,0.0,True,0.735
timing,bpsk,bpsk_4dB_5000,4.0,phase,0.02,0.001,ok,0.0,True,0.744
timing,bpsk,bpsk_4dB_6000,4.0,phase,0.02,0.001,ok,0.0,True,0.743
timing,bpsk,bpsk_4dB_7000,4.0,phase,0.02,0.001,ok,0.0,True,0.767
timing,bpsk,bpsk_4dB_8000,4.0,phase,0.02,0.001,ok,0.0,True,0.748
timing,bpsk,bpsk_8dB_2001,8.0,phase,0.02,0.001,ok,0.0,True,0.735
timing,bpsk,bpsk_8dB_3001,8.0,phase,0.02,0.001,ok,0.0,True,0.751
timing,bpsk,bpsk_8dB_4001,8.0,phase,0.02,0.001,ok,0.0,True,0.749
timing,bpsk,bpsk_8dB_5001,8.0,phase,0.02,0.001,ok,0.0,True,0.746
timing,bpsk,bpsk_8dB_6001,8.0,phase,0.02,0.001,ok,0.0,True,0.741
timing,bpsk,bpsk_8dB_7001,8.0,phase,0.02,0.001,ok,0.0,True,0.74
timing,bpsk,bpsk_8dB_8001,8.0,phase,0.02,0.001,ok,0.0,True,0.744
timing,qpsk,qpsk_10dB_2008,10.0,phase,0.02,0.001,ok,0.0,True,0.382
timing,qpsk,qpsk_10dB_3008,10.0,phase,0.02,0.001,ok,0.0,True,0.391
timing,qpsk,qpsk_10dB_4008,10.0,phase,0.02,0.001,ok,0.0,True,0.384
timing,qpsk,qpsk_10dB_5008,10.0,phase,0.02,0.001,ok,0.0,True,0.376
timing,qpsk,qpsk_10dB_6008,10.0,phase,0.02,0.001,ok,0.0,True,0.397
timing,qpsk,qpsk_10dB_7008,10.0,phase,0.02,0.001,ok,0.0,True,0.385
timing,qpsk,qpsk_10dB_8008,10.0,phase,0.02,0.001,ok,0.0,True,0.404
timing,qpsk,qpsk_13dB_2009,13.0,phase,0.02,0.001,ok,0.0,True,0.381
timing,qpsk,qpsk_13dB_3009,13.0,phase,0.02,0.001,ok,0.0,True,0.396
timing,qpsk,qpsk_13dB_4009,13.0,phase,0.02,0.001,ok,0.0,True,0.401
timing,qpsk,qpsk_13dB_5009,13.0,phase,0.02,0.001,ok,0.0,True,0.388
timing,qpsk,qpsk_13dB_6009,13.0,phase,0.02,0.001,ok,0.0,True,0.394
timing,qpsk,qpsk_13dB_7009,13.0,phase,0.02,0.001,ok,0.0,True,0.385
timing,qpsk,qpsk_13dB_8009,13.0,phase,0.02,0.001,ok,0.0,True,0.383
timing,qpsk,qpsk_4dB_2006,4.0,phase,0.02,0.001,ok,0.001053,True,0.387
timing,qpsk,qpsk_4dB_3006,4.0,phase,0.02,0.001,ok,0.000853,True,0.384
timing,qpsk,qpsk_4dB_4006,4.0,phase,0.02,0.001,ok,0.000702,True,0.395
timing,qpsk,qpsk_4dB_5006,4.0,phase,0.02,0.001,ok,0.000952,True,0.394
timing,qpsk,qpsk_4dB_6006,4.0,phase,0.02,0.001,ok,0.001052,True,0.395
timing,qpsk,qpsk_4dB_7006,4.0,phase,0.02,0.001,ok,0.001103,True,0.392
timing,qpsk,qpsk_4dB_8006,4.0,phase,0.02,0.001,ok,0.001004,True,0.382
timing,qpsk,qpsk_8dB_2007,8.0,phase,0.02,0.001,ok,0.0,True,0.396
timing,qpsk,qpsk_8dB_3007,8.0,phase,0.02,0.001,ok,0.0,True,0.384
timing,qpsk,qpsk_8dB_4007,8.0,phase,0.02,0.001,ok,0.0,True,0.39
timing,qpsk,qpsk_8dB_5007,8.0,phase,0.02,0.001,ok,0.0,True,0.386
timing,qpsk,qpsk_8dB_6007,8.0,phase,0.02,0.001,ok,0.0,True,0.394
timing,qpsk,qpsk_8dB_7007,8.0,phase,0.02,0.001,ok,0.0,True,0.388
timing,qpsk,qpsk_8dB_8007,8.0,phase,0.02,0.001,ok,0.0,True,0.381
timing,16qam,16qam_10dB_2020,10.0,clean,0.04,0.002,ok,0.003509,True,0.2
timing,16qam,16qam_10dB_3020,10.0,clean,0.04,0.002,ok,0.002811,True,0.198
timing,16qam,16qam_10dB_4020,10.0,clean,0.04,0.002,ok,0.003258,True,0.209
timing,16qam,16qam_10dB_5020,10.0,clean,0.04,0.002,ok,0.003206,True,0.207
timing,16qam,16qam_10dB_6020,10.0,clean,0.04,0.002,ok,0.003056,True,0.207
timing,16qam,16qam_10dB_7020,10.0,clean,0.04,0.002,ok,0.003208,True,0.205
timing,16qam,16qam_10dB_8020,10.0,clean,0.04,0.002,ok,0.003211,True,0.206
timing,16qam,16qam_13dB_2021,13.0,clean,0.04,0.002,ok,0.00015,True,0.213
timing,16qam,16qam_13dB_3021,13.0,clean,0.04,0.002,ok,0.0001,True,0.213
timing,16qam,16qam_13dB_4021,13.0,clean,0.04,0.002,ok,0.0,True,0.203
timing,16qam,16qam_13dB_5021,13.0,clean,0.04,0.002,ok,0.0,True,0.2
timing,16qam,16qam_13dB_6021,13.0,clean,0.04,0.002,ok,5e-05,True,0.207
timing,16qam,16qam_13dB_7021,13.0,clean,0.04,0.002,ok,0.0,True,0.205
timing,16qam,16qam_13dB_8021,13.0,clean,0.04,0.002,ok,0.0,True,0.2
timing,16qam,16qam_4dB_2018,4.0,clean,0.04,0.002,low_confidence,0.371532,False,0.204
timing,16qam,16qam_4dB_3018,4.0,clean,0.04,0.002,low_confidence,0.418655,False,0.203
timing,16qam,16qam_4dB_4018,4.0,clean,0.04,0.002,low_confidence,0.39465,False,0.206
timing,16qam,16qam_4dB_5018,4.0,clean,0.04,0.002,low_confidence,0.401093,False,0.208
timing,16qam,16qam_4dB_6018,4.0,clean,0.04,0.002,low_confidence,0.392342,False,0.208
timing,16qam,16qam_4dB_7018,4.0,clean,0.04,0.002,low_confidence,0.393298,False,0.211
timing,16qam,16qam_4dB_8018,4.0,clean,0.04,0.002,low_confidence,0.399228,False,0.227
timing,16qam,16qam_8dB_2019,8.0,clean,0.04,0.002,ok,0.093468,False,0.208
timing,16qam,16qam_8dB_3019,8.0,clean,0.04,0.002,ok,0.014501,False,0.206
timing,16qam,16qam_8dB_4019,8.0,clean,0.04,0.002,ok,0.017513,False,0.198
timing,16qam,16qam_8dB_5019,8.0,clean,0.04,0.002,ok,0.017757,False,0.205
timing,16qam,16qam_8dB_6019,8.0,clean,0.04,0.002,ok,0.022319,False,0.217
timing,16qam,16qam_8dB_7019,8.0,clean,0.04,0.002,ok,0.014948,False,0.204
timing,16qam,16qam_8dB_8019,8.0,clean,0.04,0.002,ok,0.062525,False,0.207
timing,8psk,8psk_10dB_2014,10.0,clean,0.04,0.002,ok,0.000401,True,0.289
timing,8psk,8psk_10dB_3014,10.0,clean,0.04,0.002,ok,0.000401,True,0.298
timing,8psk,8psk_10dB_4014,10.0,clean,0.04,0.002,ok,0.000501,True,0.296
timing,8psk,8psk_10dB_5014,10.0,clean,0.04,0.002,ok,0.000301,True,0.296
timing,8psk,8psk_10dB_6014,10.0,clean,0.04,0.002,ok,0.000552,True,0.293
timing,8psk,8psk_10dB_7014,10.0,clean,0.04,0.002,ok,0.000451,True,0.287
timing,8psk,8psk_10dB_8014,10.0,clean,0.04,0.002,ok,0.000301,True,0.3
timing,8psk,8psk_13dB_2015,13.0,clean,0.04,0.002,ok,0.0,True,0.303
timing,8psk,8psk_13dB_3015,13.0,clean,0.04,0.002,ok,0.0,True,0.288
timing,8psk,8psk_13dB_4015,13.0,clean,0.04,0.002,ok,0.0,True,0.293
timing,8psk,8psk_13dB_5015,13.0,clean,0.04,0.002,ok,0.0,True,0.307
timing,8psk,8psk_13dB_6015,13.0,clean,0.04,0.002,ok,0.0,True,0.299
timing,8psk,8psk_13dB_7015,13.0,clean,0.04,0.002,ok,0.0,True,0.296
timing,8psk,8psk_13dB_8015,13.0,clean,0.04,0.002,ok,0.0,True,0.297
timing,8psk,8psk_4dB_2012,4.0,clean,0.04,0.002,low_confidence,0.427919,False,0.304
timing,8psk,8psk_4dB_3012,4.0,clean,0.04,0.002,low_confidence,0.392714,False,0.297
timing,8psk,8psk_4dB_4012,4.0,clean,0.04,0.002,low_confidence,0.434802,False,0.313
timing,8psk,8psk_4dB_5012,4.0,clean,0.04,0.002,low_confidence,0.360575,False,0.299
timing,8psk,8psk_4dB_6012,4.0,clean,0.04,0.002,low_confidence,0.416295,False,0.292
timing,8psk,8psk_4dB_7012,4.0,clean,0.04,0.002,low_confidence,0.384068,False,0.292
timing,8psk,8psk_4dB_8012,4.0,clean,0.04,0.002,low_confidence,0.394782,False,0.299
timing,8psk,8psk_8dB_2013,8.0,clean,0.04,0.002,ok,0.003406,True,0.298
timing,8psk,8psk_8dB_3013,8.0,clean,0.04,0.002,ok,0.003257,True,0.297
timing,8psk,8psk_8dB_4013,8.0,clean,0.04,0.002,ok,0.003358,True,0.303
timing,8psk,8psk_8dB_5013,8.0,clean,0.04,0.002,ok,0.00366,True,0.303
timing,8psk,8psk_8dB_6013,8.0,clean,0.04,0.002,ok,0.00346,True,0.305
timing,8psk,8psk_8dB_7013,8.0,clean,0.04,0.002,ok,0.003462,True,0.297
timing,8psk,8psk_8dB_8013,8.0,clean,0.04,0.002,ok,0.003806,True,0.297
timing,bpsk,bpsk_10dB_2002,10.0,clean,0.02,0.002,ok,0.0,True,0.809
timing,bpsk,bpsk_10dB_3002,10.0,clean,0.02,0.002,ok,0.0,True,0.764
timing,bpsk,bpsk_10dB_4002,10.0,clean,0.02,0.002,ok,0.0,True,0.748
timing,bpsk,bpsk_10dB_5002,10.0,clean,0.02,0.002,ok,0.0,True,0.756
timing,bpsk,bpsk_10dB_6002,10.0,clean,0.02,0.002,ok,0.0,True,0.749
timing,bpsk,bpsk_10dB_7002,10.0,clean,0.02,0.002,ok,0.0,True,0.739
timing,bpsk,bpsk_10dB_8002,10.0,clean,0.02,0.002,ok,0.0,True,0.746
timing,bpsk,bpsk_13dB_2003,13.0,clean,0.02,0.002,ok,0.0,True,0.753
timing,bpsk,bpsk_13dB_3003,13.0,clean,0.02,0.002,ok,0.0,True,0.749
timing,bpsk,bpsk_13dB_4003,13.0,clean,0.02,0.002,ok,0.0,True,0.736
timing,bpsk,bpsk_13dB_5003,13.0,clean,0.02,0.002,ok,0.0,True,0.75
timing,bpsk,bpsk_13dB_6003,13.0,clean,0.02,0.002,ok,0.0,True,0.751
timing,bpsk,bpsk_13dB_7003,13.0,clean,0.02,0.002,ok,0.0,True,0.739
timing,bpsk,bpsk_13dB_8003,13.0,clean,0.02,0.002,ok,0.0,True,0.732
timing,bpsk,bpsk_4dB_2000,4.0,clean,0.02,0.002,ok,0.0,True,0.752
timing,bpsk,bpsk_4dB_3000,4.0,clean,0.02,0.002,ok,0.0,True,0.741
timing,bpsk,bpsk_4dB_4000,4.0,clean,0.02,0.002,ok,0.0,True,0.747
timing,bpsk,bpsk_4dB_5000,4.0,clean,0.02,0.002,ok,0.0,True,0.742
timing,bpsk,bpsk_4dB_6000,4.0,clean,0.02,0.002,ok,0.0,True,0.738
timing,bpsk,bpsk_4dB_7000,4.0,clean,0.02,0.002,ok,0.0,True,0.764
timing,bpsk,bpsk_4dB_8000,4.0,clean,0.02,0.002,ok,0.0,True,0.746
timing,bpsk,bpsk_8dB_2001,8.0,clean,0.02,0.002,ok,0.0,True,0.743
timing,bpsk,bpsk_8dB_3001,8.0,clean,0.02,0.002,ok,0.0,True,0.751
timing,bpsk,bpsk_8dB_4001,8.0,clean,0.02,0.002,ok,0.0,True,0.76
timing,bpsk,bpsk_8dB_5001,8.0,clean,0.02,0.002,ok,0.0,True,0.737
timing,bpsk,bpsk_8dB_6001,8.0,clean,0.02,0.002,ok,0.0,True,0.736
timing,bpsk,bpsk_8dB_7001,8.0,clean,0.02,0.002,ok,0.0,True,0.749
timing,bpsk,bpsk_8dB_8001,8.0,clean,0.02,0.002,ok,0.0,True,0.74
timing,qpsk,qpsk_10dB_2008,10.0,clean,0.02,0.002,ok,0.0,True,0.388
timing,qpsk,qpsk_10dB_3008,10.0,clean,0.02,0.002,ok,0.0,True,0.384
timing,qpsk,qpsk_10dB_4008,10.0,clean,0.02,0.002,ok,0.0,True,0.381
timing,qpsk,qpsk_10dB_5008,10.0,clean,0.02,0.002,ok,0.0,True,0.391
timing,qpsk,qpsk_10dB_6008,10.0,clean,0.02,0.002,ok,0.0,True,0.395
timing,qpsk,qpsk_10dB_7008,10.0,clean,0.02,0.002,ok,0.0,True,0.394
timing,qpsk,qpsk_10dB_8008,10.0,clean,0.02,0.002,ok,0.0,True,0.386
timing,qpsk,qpsk_13dB_2009,13.0,clean,0.02,0.002,ok,0.0,True,0.382
timing,qpsk,qpsk_13dB_3009,13.0,clean,0.02,0.002,ok,0.0,True,0.394
timing,qpsk,qpsk_13dB_4009,13.0,clean,0.02,0.002,ok,0.0,True,0.384
timing,qpsk,qpsk_13dB_5009,13.0,clean,0.02,0.002,ok,0.0,True,0.386
timing,qpsk,qpsk_13dB_6009,13.0,clean,0.02,0.002,ok,0.0,True,0.393
timing,qpsk,qpsk_13dB_7009,13.0,clean,0.02,0.002,ok,0.0,True,0.394
timing,qpsk,qpsk_13dB_8009,13.0,clean,0.02,0.002,ok,0.0,True,0.391
timing,qpsk,qpsk_4dB_2006,4.0,clean,0.02,0.002,ok,0.001053,True,0.391
timing,qpsk,qpsk_4dB_3006,4.0,clean,0.02,0.002,ok,0.000853,True,0.382
timing,qpsk,qpsk_4dB_4006,4.0,clean,0.02,0.002,ok,0.000702,True,0.394
timing,qpsk,qpsk_4dB_5006,4.0,clean,0.02,0.002,ok,0.001002,True,0.39
timing,qpsk,qpsk_4dB_6006,4.0,clean,0.02,0.002,ok,0.001152,True,0.386
timing,qpsk,qpsk_4dB_7006,4.0,clean,0.02,0.002,ok,0.001103,True,0.379
timing,qpsk,qpsk_4dB_8006,4.0,clean,0.02,0.002,ok,0.001004,True,0.401
timing,qpsk,qpsk_8dB_2007,8.0,clean,0.02,0.002,ok,0.0,True,0.392
timing,qpsk,qpsk_8dB_3007,8.0,clean,0.02,0.002,ok,0.0,True,0.395
timing,qpsk,qpsk_8dB_4007,8.0,clean,0.02,0.002,ok,0.0,True,0.39
timing,qpsk,qpsk_8dB_5007,8.0,clean,0.02,0.002,ok,0.0,True,0.389
timing,qpsk,qpsk_8dB_6007,8.0,clean,0.02,0.002,ok,0.0,True,0.386
timing,qpsk,qpsk_8dB_7007,8.0,clean,0.02,0.002,ok,0.0,True,0.386
timing,qpsk,qpsk_8dB_8007,8.0,clean,0.02,0.002,ok,0.0,True,0.387
timing,16qam,16qam_10dB_2020,10.0,phase,0.04,0.002,ok,0.003609,True,0.21
timing,16qam,16qam_10dB_3020,10.0,phase,0.04,0.002,ok,0.002811,True,0.201
timing,16qam,16qam_10dB_4020,10.0,phase,0.04,0.002,ok,0.003208,True,0.21
timing,16qam,16qam_10dB_5020,10.0,phase,0.04,0.002,ok,0.003306,True,0.207
timing,16qam,16qam_10dB_6020,10.0,phase,0.04,0.002,ok,0.003056,True,0.207
timing,16qam,16qam_10dB_7020,10.0,phase,0.04,0.002,ok,0.003258,True,0.211
timing,16qam,16qam_10dB_8020,10.0,phase,0.04,0.002,ok,0.003211,True,0.207
timing,16qam,16qam_13dB_2021,13.0,phase,0.04,0.002,ok,0.00015,True,0.207
timing,16qam,16qam_13dB_3021,13.0,phase,0.04,0.002,ok,0.0001,True,0.2
timing,16qam,16qam_13dB_4021,13.0,phase,0.04,0.002,ok,0.0,True,0.198
timing,16qam,16qam_13dB_5021,13.0,phase,0.04,0.002,ok,0.0,True,0.208
timing,16qam,16qam_13dB_6021,13.0,phase,0.04,0.002,ok,5e-05,True,0.203
timing,16qam,16qam_13dB_7021,13.0,phase,0.04,0.002,ok,0.0,True,0.206
timing,16qam,16qam_13dB_8021,13.0,phase,0.04,0.002,ok,5e-05,True,0.206
timing,16qam,16qam_4dB_2018,4.0,phase,0.04,0.002,low_confidence,0.370981,False,0.21
timing,16qam,16qam_4dB_3018,4.0,phase,0.04,0.002,low_confidence,0.414846,False,0.209
timing,16qam,16qam_4dB_4018,4.0,phase,0.04,0.002,low_confidence,0.393796,False,0.204
timing,16qam,16qam_4dB_5018,4.0,phase,0.04,0.002,low_confidence,0.413181,False,0.207
timing,16qam,16qam_4dB_6018,4.0,phase,0.04,0.002,low_confidence,0.388783,False,0.208
timing,16qam,16qam_4dB_7018,4.0,phase,0.04,0.002,low_confidence,0.381208,False,0.207
timing,16qam,16qam_4dB_8018,4.0,phase,0.04,0.002,low_confidence,0.3517,False,0.216
timing,16qam,16qam_8dB_2019,8.0,phase,0.04,0.002,ok,0.093268,False,0.207
timing,16qam,16qam_8dB_3019,8.0,phase,0.04,0.002,ok,0.014601,False,0.211
timing,16qam,16qam_8dB_4019,8.0,phase,0.04,0.002,ok,0.017513,False,0.206
timing,16qam,16qam_8dB_5019,8.0,phase,0.04,0.002,ok,0.017556,False,0.203
timing,16qam,16qam_8dB_6019,8.0,phase,0.04,0.002,ok,0.022169,False,0.202
timing,16qam,16qam_8dB_7019,8.0,phase,0.04,0.002,ok,0.015098,False,0.201
timing,16qam,16qam_8dB_8019,8.0,phase,0.04,0.002,ok,0.065331,False,0.205
timing,8psk,8psk_10dB_2014,10.0,phase,0.04,0.002,ok,0.000401,True,0.29
timing,8psk,8psk_10dB_3014,10.0,phase,0.04,0.002,ok,0.000401,True,0.294
timing,8psk,8psk_10dB_4014,10.0,phase,0.04,0.002,ok,0.000501,True,0.29
timing,8psk,8psk_10dB_5014,10.0,phase,0.04,0.002,ok,0.000301,True,0.294
timing,8psk,8psk_10dB_6014,10.0,phase,0.04,0.002,ok,0.000552,True,0.3
timing,8psk,8psk_10dB_7014,10.0,phase,0.04,0.002,ok,0.000451,True,0.29
timing,8psk,8psk_10dB_8014,10.0,phase,0.04,0.002,ok,0.000301,True,0.292
timing,8psk,8psk_13dB_2015,13.0,phase,0.04,0.002,ok,0.0,True,0.29
timing,8psk,8psk_13dB_3015,13.0,phase,0.04,0.002,ok,0.0,True,0.291
timing,8psk,8psk_13dB_4015,13.0,phase,0.04,0.002,ok,0.0,True,0.289
timing,8psk,8psk_13dB_5015,13.0,phase,0.04,0.002,ok,0.0,True,0.291
timing,8psk,8psk_13dB_6015,13.0,phase,0.04,0.002,ok,0.0,True,0.295
timing,8psk,8psk_13dB_7015,13.0,phase,0.04,0.002,ok,0.0,True,0.296
timing,8psk,8psk_13dB_8015,13.0,phase,0.04,0.002,ok,0.0,True,0.299
timing,8psk,8psk_4dB_2012,4.0,phase,0.04,0.002,low_confidence,0.398575,False,0.289
timing,8psk,8psk_4dB_3012,4.0,phase,0.04,0.002,low_confidence,0.371217,False,0.296
timing,8psk,8psk_4dB_4012,4.0,phase,0.04,0.002,low_confidence,0.421166,False,0.315
timing,8psk,8psk_4dB_5012,4.0,phase,0.04,0.002,low_confidence,0.360174,False,0.32
timing,8psk,8psk_4dB_6012,4.0,phase,0.04,0.002,low_confidence,0.365154,False,0.33
timing,8psk,8psk_4dB_7012,4.0,phase,0.04,0.002,low_confidence,0.384068,False,0.296
timing,8psk,8psk_4dB_8012,4.0,phase,0.04,0.002,low_confidence,0.402594,False,0.298
timing,8psk,8psk_8dB_2013,8.0,phase,0.04,0.002,ok,0.003406,True,0.292
timing,8psk,8psk_8dB_3013,8.0,phase,0.04,0.002,ok,0.003257,True,0.298
timing,8psk,8psk_8dB_4013,8.0,phase,0.04,0.002,ok,0.003358,True,0.303
timing,8psk,8psk_8dB_5013,8.0,phase,0.04,0.002,ok,0.00361,True,0.303
timing,8psk,8psk_8dB_6013,8.0,phase,0.04,0.002,ok,0.00346,True,0.298
timing,8psk,8psk_8dB_7013,8.0,phase,0.04,0.002,ok,0.003462,True,0.294
timing,8psk,8psk_8dB_8013,8.0,phase,0.04,0.002,ok,0.003806,True,0.287
timing,bpsk,bpsk_10dB_2002,10.0,phase,0.02,0.002,ok,0.0,True,0.749
timing,bpsk,bpsk_10dB_3002,10.0,phase,0.02,0.002,ok,0.0,True,0.755
timing,bpsk,bpsk_10dB_4002,10.0,phase,0.02,0.002,ok,0.0,True,0.739
timing,bpsk,bpsk_10dB_5002,10.0,phase,0.02,0.002,ok,0.0,True,0.767
timing,bpsk,bpsk_10dB_6002,10.0,phase,0.02,0.002,ok,0.0,True,0.733
timing,bpsk,bpsk_10dB_7002,10.0,phase,0.02,0.002,ok,0.0,True,0.759
timing,bpsk,bpsk_10dB_8002,10.0,phase,0.02,0.002,ok,0.0,True,0.741
timing,bpsk,bpsk_13dB_2003,13.0,phase,0.02,0.002,ok,0.0,True,0.75
timing,bpsk,bpsk_13dB_3003,13.0,phase,0.02,0.002,ok,0.0,True,0.755
timing,bpsk,bpsk_13dB_4003,13.0,phase,0.02,0.002,ok,0.0,True,0.742
timing,bpsk,bpsk_13dB_5003,13.0,phase,0.02,0.002,ok,0.0,True,0.753
timing,bpsk,bpsk_13dB_6003,13.0,phase,0.02,0.002,ok,0.0,True,0.75
timing,bpsk,bpsk_13dB_7003,13.0,phase,0.02,0.002,ok,0.0,True,0.752
timing,bpsk,bpsk_13dB_8003,13.0,phase,0.02,0.002,ok,0.0,True,0.734
timing,bpsk,bpsk_4dB_2000,4.0,phase,0.02,0.002,ok,0.0,True,0.749
timing,bpsk,bpsk_4dB_3000,4.0,phase,0.02,0.002,ok,0.0,True,0.754
timing,bpsk,bpsk_4dB_4000,4.0,phase,0.02,0.002,ok,0.0,True,0.765
timing,bpsk,bpsk_4dB_5000,4.0,phase,0.02,0.002,ok,0.0,True,0.748
timing,bpsk,bpsk_4dB_6000,4.0,phase,0.02,0.002,ok,0.0,True,0.73
timing,bpsk,bpsk_4dB_7000,4.0,phase,0.02,0.002,ok,0.0,True,0.756
timing,bpsk,bpsk_4dB_8000,4.0,phase,0.02,0.002,ok,0.0,True,0.748
timing,bpsk,bpsk_8dB_2001,8.0,phase,0.02,0.002,ok,0.0,True,0.755
timing,bpsk,bpsk_8dB_3001,8.0,phase,0.02,0.002,ok,0.0,True,0.736
timing,bpsk,bpsk_8dB_4001,8.0,phase,0.02,0.002,ok,0.0,True,0.744
timing,bpsk,bpsk_8dB_5001,8.0,phase,0.02,0.002,ok,0.0,True,0.74
timing,bpsk,bpsk_8dB_6001,8.0,phase,0.02,0.002,ok,0.0,True,0.742
timing,bpsk,bpsk_8dB_7001,8.0,phase,0.02,0.002,ok,0.0,True,0.757
timing,bpsk,bpsk_8dB_8001,8.0,phase,0.02,0.002,ok,0.0,True,0.746
timing,qpsk,qpsk_10dB_2008,10.0,phase,0.02,0.002,ok,0.0,True,0.385
timing,qpsk,qpsk_10dB_3008,10.0,phase,0.02,0.002,ok,0.0,True,0.389
timing,qpsk,qpsk_10dB_4008,10.0,phase,0.02,0.002,ok,0.0,True,0.396
timing,qpsk,qpsk_10dB_5008,10.0,phase,0.02,0.002,ok,0.0,True,0.399
timing,qpsk,qpsk_10dB_6008,10.0,phase,0.02,0.002,ok,0.0,True,0.384
timing,qpsk,qpsk_10dB_7008,10.0,phase,0.02,0.002,ok,0.0,True,0.398
timing,qpsk,qpsk_10dB_8008,10.0,phase,0.02,0.002,ok,0.0,True,0.381
timing,qpsk,qpsk_13dB_2009,13.0,phase,0.02,0.002,ok,0.0,True,0.393
timing,qpsk,qpsk_13dB_3009,13.0,phase,0.02,0.002,ok,0.0,True,0.383
timing,qpsk,qpsk_13dB_4009,13.0,phase,0.02,0.002,ok,0.0,True,0.385
timing,qpsk,qpsk_13dB_5009,13.0,phase,0.02,0.002,ok,0.0,True,0.379
timing,qpsk,qpsk_13dB_6009,13.0,phase,0.02,0.002,ok,0.0,True,0.385
timing,qpsk,qpsk_13dB_7009,13.0,phase,0.02,0.002,ok,0.0,True,0.382
timing,qpsk,qpsk_13dB_8009,13.0,phase,0.02,0.002,ok,0.0,True,0.394
timing,qpsk,qpsk_4dB_2006,4.0,phase,0.02,0.002,ok,0.001053,True,0.397
timing,qpsk,qpsk_4dB_3006,4.0,phase,0.02,0.002,ok,0.000853,True,0.39
timing,qpsk,qpsk_4dB_4006,4.0,phase,0.02,0.002,ok,0.000702,True,0.395
timing,qpsk,qpsk_4dB_5006,4.0,phase,0.02,0.002,ok,0.001002,True,0.398
timing,qpsk,qpsk_4dB_6006,4.0,phase,0.02,0.002,ok,0.001152,True,0.397
timing,qpsk,qpsk_4dB_7006,4.0,phase,0.02,0.002,ok,0.001103,True,0.391
timing,qpsk,qpsk_4dB_8006,4.0,phase,0.02,0.002,ok,0.001004,True,0.386
timing,qpsk,qpsk_8dB_2007,8.0,phase,0.02,0.002,ok,0.0,True,0.388
timing,qpsk,qpsk_8dB_3007,8.0,phase,0.02,0.002,ok,0.0,True,0.386
timing,qpsk,qpsk_8dB_4007,8.0,phase,0.02,0.002,ok,0.0,True,0.393
timing,qpsk,qpsk_8dB_5007,8.0,phase,0.02,0.002,ok,0.0,True,0.406
timing,qpsk,qpsk_8dB_6007,8.0,phase,0.02,0.002,ok,0.0,True,0.394
timing,qpsk,qpsk_8dB_7007,8.0,phase,0.02,0.002,ok,0.0,True,0.393
timing,qpsk,qpsk_8dB_8007,8.0,phase,0.02,0.002,ok,0.0,True,0.384
timing,16qam,16qam_10dB_2020,10.0,clean,0.04,0.004,ok,0.00391,True,0.203
timing,16qam,16qam_10dB_3020,10.0,clean,0.04,0.004,ok,0.002912,True,0.208
timing,16qam,16qam_10dB_4020,10.0,clean,0.04,0.004,ok,0.029925,False,0.199
timing,16qam,16qam_10dB_5020,10.0,clean,0.04,0.004,ok,0.003256,True,0.211
timing,16qam,16qam_10dB_6020,10.0,clean,0.04,0.004,ok,0.003056,True,0.202
timing,16qam,16qam_10dB_7020,10.0,clean,0.04,0.004,ok,0.003158,True,0.205
timing,16qam,16qam_10dB_8020,10.0,clean,0.04,0.004,ok,0.00316,True,0.218
timing,16qam,16qam_13dB_2021,13.0,clean,0.04,0.004,ok,0.00015,True,0.204
timing,16qam,16qam_13dB_3021,13.0,clean,0.04,0.004,ok,0.0001,True,0.209
timing,16qam,16qam_13dB_4021,13.0,clean,0.04,0.004,ok,0.0,True,0.206
timing,16qam,16qam_13dB_5021,13.0,clean,0.04,0.004,ok,0.0,True,0.214
timing,16qam,16qam_13dB_6021,13.0,clean,0.04,0.004,ok,5e-05,True,0.219
timing,16qam,16qam_13dB_7021,13.0,clean,0.04,0.004,ok,0.0,True,0.211
timing,16qam,16qam_13dB_8021,13.0,clean,0.04,0.004,ok,0.0,True,0.204
timing,16qam,16qam_4dB_2018,4.0,clean,0.04,0.004,low_confidence,0.389963,False,0.214
timing,16qam,16qam_4dB_3018,4.0,clean,0.04,0.004,low_confidence,0.384824,False,0.204
timing,16qam,16qam_4dB_4018,4.0,clean,0.04,0.004,low_confidence,0.396858,False,0.207
timing,16qam,16qam_4dB_5018,4.0,clean,0.04,0.004,low_confidence,0.416391,False,0.211
timing,16qam,16qam_4dB_6018,4.0,clean,0.04,0.004,low_confidence,0.381616,False,0.208
timing,16qam,16qam_4dB_7018,4.0,clean,0.04,0.004,low_confidence,0.366108,False,0.209
timing,16qam,16qam_4dB_8018,4.0,clean,0.04,0.004,low_confidence,0.403189,False,0.208
timing,16qam,16qam_8dB_2019,8.0,clean,0.04,0.004,ok,0.21669,False,0.206
timing,16qam,16qam_8dB_3019,8.0,clean,0.04,0.004,ok,0.16854,False,0.209
timing,16qam,16qam_8dB_4019,8.0,clean,0.04,0.004,ok,0.019821,False,0.202
timing,16qam,16qam_8dB_5019,8.0,clean,0.04,0.004,ok,0.206511,False,0.203
timing,16qam,16qam_8dB_6019,8.0,clean,0.04,0.004,ok,0.020815,False,0.212
timing,16qam,16qam_8dB_7019,8.0,clean,0.04,0.004,ok,0.015901,False,0.208
timing,16qam,16qam_8dB_8019,8.0,clean,0.04,0.004,ok,0.013978,False,0.209
timing,8psk,8psk_10dB_2014,10.0,clean,0.04,0.004,ok,0.000551,True,0.292
timing,8psk,8psk_10dB_3014,10.0,clean,0.04,0.004,ok,0.000401,True,0.292
timing,8psk,8psk_10dB_4014,10.0,clean,0.04,0.004,ok,0.000451,True,0.295
timing,8psk,8psk_10dB_5014,10.0,clean,0.04,0.004,ok,0.000301,True,0.289
timing,8psk,8psk_10dB_6014,10.0,clean,0.04,0.004,ok,0.000602,True,0.293
timing,8psk,8psk_10dB_7014,10.0,clean,0.04,0.004,ok,0.000502,True,0.305
timing,8psk,8psk_10dB_8014,10.0,clean,0.04,0.004,ok,0.000301,True,0.296
timing,8psk,8psk_13dB_2015,13.0,clean,0.04,0.004,ok,0.0,True,0.298
timing,8psk,8psk_13dB_3015,13.0,clean,0.04,0.004,ok,0.0,True,0.304
timing,8psk,8psk_13dB_4015,13.0,clean,0.04,0.004,ok,0.0,True,0.289
timing,8psk,8psk_13dB_5015,13.0,clean,0.04,0.004,ok,0.0,True,0.289
timing,8psk,8psk_13dB_6015,13.0,clean,0.04,0.004,ok,0.0,True,0.293
timing,8psk,8psk_13dB_7015,13.0,clean,0.04,0.004,ok,0.0,True,0.297
timing,8psk,8psk_13dB_8015,13.0,clean,0.04,0.004,ok,0.0,True,0.294
timing,8psk,8psk_4dB_2012,4.0,clean,0.04,0.004,low_confidence,0.391001,False,0.297
timing,8psk,8psk_4dB_3012,4.0,clean,0.04,0.004,low_confidence,0.400631,False,0.303
timing,8psk,8psk_4dB_4012,4.0,clean,0.04,0.004,low_confidence,0.43019,False,0.297
timing,8psk,8psk_4dB_5012,4.0,clean,0.04,0.004,low_confidence,0.403568,False,0.29
timing,8psk,8psk_4dB_6012,4.0,clean,0.04,0.004,low_confidence,0.390323,False,0.299
timing,8psk,8psk_4dB_7012,4.0,clean,0.04,0.004,low_confidence,0.470898,False,0.296
timing,8psk,8psk_4dB_8012,4.0,clean,0.04,0.004,low_confidence,0.420272,False,0.31
timing,8psk,8psk_8dB_2013,8.0,clean,0.04,0.004,ok,0.003406,True,0.29
timing,8psk,8psk_8dB_3013,8.0,clean,0.04,0.004,ok,0.003357,True,0.291
timing,8psk,8psk_8dB_4013,8.0,clean,0.04,0.004,ok,0.003458,True,0.29
timing,8psk,8psk_8dB_5013,8.0,clean,0.04,0.004,ok,0.00351,True,0.295
timing,8psk,8psk_8dB_6013,8.0,clean,0.04,0.004,ok,0.003409,True,0.292
timing,8psk,8psk_8dB_7013,8.0,clean,0.04,0.004,ok,0.003612,True,0.297
timing,8psk,8psk_8dB_8013,8.0,clean,0.04,0.004,ok,0.003856,True,0.296
timing,bpsk,bpsk_10dB_2002,10.0,clean,0.02,0.004,ok,0.0,True,0.749
timing,bpsk,bpsk_10dB_3002,10.0,clean,0.02,0.004,ok,0.0,True,0.755
timing,bpsk,bpsk_10dB_4002,10.0,clean,0.02,0.004,ok,0.0,True,0.75
timing,bpsk,bpsk_10dB_5002,10.0,clean,0.02,0.004,ok,0.0,True,0.747
timing,bpsk,bpsk_10dB_6002,10.0,clean,0.02,0.004,ok,0.0,True,0.759
timing,bpsk,bpsk_10dB_7002,10.0,clean,0.02,0.004,ok,0.0,True,0.741
timing,bpsk,bpsk_10dB_8002,10.0,clean,0.02,0.004,ok,0.0,True,0.76
timing,bpsk,bpsk_13dB_2003,13.0,clean,0.02,0.004,ok,0.0,True,0.75
timing,bpsk,bpsk_13dB_3003,13.0,clean,0.02,0.004,ok,0.0,True,0.75
timing,bpsk,bpsk_13dB_4003,13.0,clean,0.02,0.004,ok,0.0,True,0.741
timing,bpsk,bpsk_13dB_5003,13.0,clean,0.02,0.004,ok,0.0,True,0.744
timing,bpsk,bpsk_13dB_6003,13.0,clean,0.02,0.004,ok,0.0,True,0.742
timing,bpsk,bpsk_13dB_7003,13.0,clean,0.02,0.004,ok,0.0,True,0.751
timing,bpsk,bpsk_13dB_8003,13.0,clean,0.02,0.004,ok,0.0,True,0.752
timing,bpsk,bpsk_4dB_2000,4.0,clean,0.02,0.004,ok,0.0,True,0.745
timing,bpsk,bpsk_4dB_3000,4.0,clean,0.02,0.004,ok,0.0,True,0.759
timing,bpsk,bpsk_4dB_4000,4.0,clean,0.02,0.004,ok,0.0,True,0.735
timing,bpsk,bpsk_4dB_5000,4.0,clean,0.02,0.004,ok,0.0,True,0.777
timing,bpsk,bpsk_4dB_6000,4.0,clean,0.02,0.004,ok,0.0,True,0.736
timing,bpsk,bpsk_4dB_7000,4.0,clean,0.02,0.004,ok,0.0,True,0.743
timing,bpsk,bpsk_4dB_8000,4.0,clean,0.02,0.004,ok,0.0,True,0.737
timing,bpsk,bpsk_8dB_2001,8.0,clean,0.02,0.004,ok,0.0,True,0.747
timing,bpsk,bpsk_8dB_3001,8.0,clean,0.02,0.004,ok,0.0,True,0.757
timing,bpsk,bpsk_8dB_4001,8.0,clean,0.02,0.004,ok,0.0,True,0.745
timing,bpsk,bpsk_8dB_5001,8.0,clean,0.02,0.004,ok,0.0,True,0.753
timing,bpsk,bpsk_8dB_6001,8.0,clean,0.02,0.004,ok,0.0,True,0.746
timing,bpsk,bpsk_8dB_7001,8.0,clean,0.02,0.004,ok,0.0,True,0.742
timing,bpsk,bpsk_8dB_8001,8.0,clean,0.02,0.004,ok,0.0,True,0.742
timing,qpsk,qpsk_10dB_2008,10.0,clean,0.02,0.004,ok,0.0,True,0.385
timing,qpsk,qpsk_10dB_3008,10.0,clean,0.02,0.004,ok,0.0,True,0.392
timing,qpsk,qpsk_10dB_4008,10.0,clean,0.02,0.004,ok,0.0,True,0.394
timing,qpsk,qpsk_10dB_5008,10.0,clean,0.02,0.004,ok,0.0,True,0.387
timing,qpsk,qpsk_10dB_6008,10.0,clean,0.02,0.004,ok,0.0,True,0.386
timing,qpsk,qpsk_10dB_7008,10.0,clean,0.02,0.004,ok,0.0,True,0.392
timing,qpsk,qpsk_10dB_8008,10.0,clean,0.02,0.004,ok,0.0,True,0.388
timing,qpsk,qpsk_13dB_2009,13.0,clean,0.02,0.004,ok,0.0,True,0.392
timing,qpsk,qpsk_13dB_3009,13.0,clean,0.02,0.004,ok,0.0,True,0.393
timing,qpsk,qpsk_13dB_4009,13.0,clean,0.02,0.004,ok,0.0,True,0.379
timing,qpsk,qpsk_13dB_5009,13.0,clean,0.02,0.004,ok,0.0,True,0.392
timing,qpsk,qpsk_13dB_6009,13.0,clean,0.02,0.004,ok,0.0,True,0.387
timing,qpsk,qpsk_13dB_7009,13.0,clean,0.02,0.004,ok,0.0,True,0.396
timing,qpsk,qpsk_13dB_8009,13.0,clean,0.02,0.004,ok,0.0,True,0.391
timing,qpsk,qpsk_4dB_2006,4.0,clean,0.02,0.004,ok,0.001154,True,0.396
timing,qpsk,qpsk_4dB_3006,4.0,clean,0.02,0.004,ok,0.000853,True,0.386
timing,qpsk,qpsk_4dB_4006,4.0,clean,0.02,0.004,ok,0.000552,True,0.388
timing,qpsk,qpsk_4dB_5006,4.0,clean,0.02,0.004,ok,0.001052,True,0.389
timing,qpsk,qpsk_4dB_6006,4.0,clean,0.02,0.004,ok,0.001152,True,0.387
timing,qpsk,qpsk_4dB_7006,4.0,clean,0.02,0.004,ok,0.001053,True,0.389
timing,qpsk,qpsk_4dB_8006,4.0,clean,0.02,0.004,ok,0.001054,True,0.386
timing,qpsk,qpsk_8dB_2007,8.0,clean,0.02,0.004,ok,0.0,True,0.383
timing,qpsk,qpsk_8dB_3007,8.0,clean,0.02,0.004,ok,0.0,True,0.396
timing,qpsk,qpsk_8dB_4007,8.0,clean,0.02,0.004,ok,0.0,True,0.387
timing,qpsk,qpsk_8dB_5007,8.0,clean,0.02,0.004,ok,0.0,True,0.387
timing,qpsk,qpsk_8dB_6007,8.0,clean,0.02,0.004,ok,0.0,True,0.394
timing,qpsk,qpsk_8dB_7007,8.0,clean,0.02,0.004,ok,0.0,True,0.391
timing,qpsk,qpsk_8dB_8007,8.0,clean,0.02,0.004,ok,0.0,True,0.396
timing,16qam,16qam_10dB_2020,10.0,phase,0.04,0.004,ok,0.00386,True,0.207
timing,16qam,16qam_10dB_3020,10.0,phase,0.04,0.004,ok,0.002912,True,0.21
timing,16qam,16qam_10dB_4020,10.0,phase,0.04,0.004,ok,0.030025,False,0.201
timing,16qam,16qam_10dB_5020,10.0,phase,0.04,0.004,ok,0.003256,True,0.207
timing,16qam,16qam_10dB_6020,10.0,phase,0.04,0.004,ok,0.003006,True,0.199
timing,16qam,16qam_10dB_7020,10.0,phase,0.04,0.004,ok,0.003158,True,0.201
timing,16qam,16qam_10dB_8020,10.0,phase,0.04,0.004,ok,0.00316,True,0.206
timing,16qam,16qam_13dB_2021,13.0,phase,0.04,0.004,ok,0.00015,True,0.202
timing,16qam,16qam_13dB_3021,13.0,phase,0.04,0.004,ok,0.0001,True,0.206
timing,16qam,16qam_13dB_4021,13.0,phase,0.04,0.004,ok,0.0,True,0.206
timing,16qam,16qam_13dB_5021,13.0,phase,0.04,0.004,ok,0.0,True,0.208
timing,16qam,16qam_13dB_6021,13.0,phase,0.04,0.004,ok,5e-05,True,0.205
timing,16qam,16qam_13dB_7021,13.0,phase,0.04,0.004,ok,0.0,True,0.201
timing,16qam,16qam_13dB_8021,13.0,phase,0.04,0.004,ok,0.0,True,0.205
timing,16qam,16qam_4dB_2018,4.0,phase,0.04,0.004,low_confidence,0.38816,False,0.234
timing,16qam,16qam_4dB_3018,4.0,phase,0.04,0.004,low_confidence,0.380413,False,0.213
timing,16qam,16qam_4dB_4018,4.0,phase,0.04,0.004,low_confidence,0.393796,False,0.205
timing,16qam,16qam_4dB_5018,4.0,phase,0.04,0.004,low_confidence,0.416391,False,0.202
timing,16qam,16qam_4dB_6018,4.0,phase,0.04,0.004,low_confidence,0.383019,False,0.209
timing,16qam,16qam_4dB_7018,4.0,phase,0.04,0.004,low_confidence,0.425905,False,0.209
timing,16qam,16qam_4dB_8018,4.0,phase,0.04,0.004,low_confidence,0.391908,False,0.213
timing,16qam,16qam_8dB_2019,8.0,phase,0.04,0.004,ok,0.21669,False,0.206
timing,16qam,16qam_8dB_3019,8.0,phase,0.04,0.004,ok,0.16854,False,0.211
timing,16qam,16qam_8dB_4019,8.0,phase,0.04,0.004,ok,0.019821,False,0.208
timing,16qam,16qam_8dB_5019,8.0,phase,0.04,0.004,ok,0.206762,False,0.21
timing,16qam,16qam_8dB_6019,8.0,phase,0.04,0.004,ok,0.021366,False,0.203
timing,16qam,16qam_8dB_7019,8.0,phase,0.04,0.004,ok,0.015851,False,0.2
timing,16qam,16qam_8dB_8019,8.0,phase,0.04,0.004,ok,0.013978,False,0.203
timing,8psk,8psk_10dB_2014,10.0,phase,0.04,0.004,ok,0.000551,True,0.297
timing,8psk,8psk_10dB_3014,10.0,phase,0.04,0.004,ok,0.000401,True,0.295
timing,8psk,8psk_10dB_4014,10.0,phase,0.04,0.004,ok,0.000451,True,0.299
timing,8psk,8psk_10dB_5014,10.0,phase,0.04,0.004,ok,0.000301,True,0.295
timing,8psk,8psk_10dB_6014,10.0,phase,0.04,0.004,ok,0.000602,True,0.299
timing,8psk,8psk_10dB_7014,10.0,phase,0.04,0.004,ok,0.000502,True,0.291
timing,8psk,8psk_10dB_8014,10.0,phase,0.04,0.004,ok,0.000301,True,0.293
timing,8psk,8psk_13dB_2015,13.0,phase,0.04,0.004,ok,0.0,True,0.297
timing,8psk,8psk_13dB_3015,13.0,phase,0.04,0.004,ok,0.0,True,0.296
timing,8psk,8psk_13dB_4015,13.0,phase,0.04,0.004,ok,0.0,True,0.291
timing,8psk,8psk_13dB_5015,13.0,phase,0.04,0.004,ok,0.0,True,0.291
timing,8psk,8psk_13dB_6015,13.0,phase,0.04,0.004,ok,0.0,True,0.289
timing,8psk,8psk_13dB_7015,13.0,phase,0.04,0.004,ok,0.0,True,0.297
timing,8psk,8psk_13dB_8015,13.0,phase,0.04,0.004,ok,0.0,True,0.287
timing,8psk,8psk_4dB_2012,4.0,phase,0.04,0.004,low_confidence,0.391001,False,0.303
timing,8psk,8psk_4dB_3012,4.0,phase,0.04,0.004,low_confidence,0.400531,False,0.299
timing,8psk,8psk_4dB_4012,4.0,phase,0.04,0.004,low_confidence,0.421517,False,0.295
timing,8psk,8psk_4dB_5012,4.0,phase,0.04,0.004,low_confidence,0.403568,False,0.301
timing,8psk,8psk_4dB_6012,4.0,phase,0.04,0.004,low_confidence,0.390323,False,0.299
timing,8psk,8psk_4dB_7012,4.0,phase,0.04,0.004,low_confidence,0.470898,False,0.296
timing,8psk,8psk_4dB_8012,4.0,phase,0.04,0.004,low_confidence,0.420473,False,0.297
timing,8psk,8psk_8dB_2013,8.0,phase,0.04,0.004,ok,0.003406,True,0.292
timing,8psk,8psk_8dB_3013,8.0,phase,0.04,0.004,ok,0.003357,True,0.296
timing,8psk,8psk_8dB_4013,8.0,phase,0.04,0.004,ok,0.003458,True,0.292
timing,8psk,8psk_8dB_5013,8.0,phase,0.04,0.004,ok,0.00346,True,0.298
timing,8psk,8psk_8dB_6013,8.0,phase,0.04,0.004,ok,0.003409,True,0.294
timing,8psk,8psk_8dB_7013,8.0,phase,0.04,0.004,ok,0.003612,True,0.302
timing,8psk,8psk_8dB_8013,8.0,phase,0.04,0.004,ok,0.003856,True,0.288
timing,bpsk,bpsk_10dB_2002,10.0,phase,0.02,0.004,ok,0.0,True,0.739
timing,bpsk,bpsk_10dB_3002,10.0,phase,0.02,0.004,ok,0.0,True,0.743
timing,bpsk,bpsk_10dB_4002,10.0,phase,0.02,0.004,ok,0.0,True,0.746
timing,bpsk,bpsk_10dB_5002,10.0,phase,0.02,0.004,ok,0.0,True,0.742
timing,bpsk,bpsk_10dB_6002,10.0,phase,0.02,0.004,ok,0.0,True,0.753
timing,bpsk,bpsk_10dB_7002,10.0,phase,0.02,0.004,ok,0.0,True,0.735
timing,bpsk,bpsk_10dB_8002,10.0,phase,0.02,0.004,ok,0.0,True,0.742
timing,bpsk,bpsk_13dB_2003,13.0,phase,0.02,0.004,ok,0.0,True,0.74
timing,bpsk,bpsk_13dB_3003,13.0,phase,0.02,0.004,ok,0.0,True,0.731
timing,bpsk,bpsk_13dB_4003,13.0,phase,0.02,0.004,ok,0.0,True,0.752
timing,bpsk,bpsk_13dB_5003,13.0,phase,0.02,0.004,ok,0.0,True,0.749
timing,bpsk,bpsk_13dB_6003,13.0,phase,0.02,0.004,ok,0.0,True,0.752
timing,bpsk,bpsk_13dB_7003,13.0,phase,0.02,0.004,ok,0.0,True,0.746
timing,bpsk,bpsk_13dB_8003,13.0,phase,0.02,0.004,ok,0.0,True,0.752
timing,bpsk,bpsk_4dB_2000,4.0,phase,0.02,0.004,ok,0.0,True,0.745
timing,bpsk,bpsk_4dB_3000,4.0,phase,0.02,0.004,ok,0.0,True,0.732
timing,bpsk,bpsk_4dB_4000,4.0,phase,0.02,0.004,ok,0.0,True,0.767
timing,bpsk,bpsk_4dB_5000,4.0,phase,0.02,0.004,ok,0.0,True,0.756
timing,bpsk,bpsk_4dB_6000,4.0,phase,0.02,0.004,ok,0.0,True,0.752
timing,bpsk,bpsk_4dB_7000,4.0,phase,0.02,0.004,ok,0.0,True,0.749
timing,bpsk,bpsk_4dB_8000,4.0,phase,0.02,0.004,ok,0.0,True,0.744
timing,bpsk,bpsk_8dB_2001,8.0,phase,0.02,0.004,ok,0.0,True,0.749
timing,bpsk,bpsk_8dB_3001,8.0,phase,0.02,0.004,ok,0.0,True,0.747
timing,bpsk,bpsk_8dB_4001,8.0,phase,0.02,0.004,ok,0.0,True,0.754
timing,bpsk,bpsk_8dB_5001,8.0,phase,0.02,0.004,ok,0.0,True,0.752
timing,bpsk,bpsk_8dB_6001,8.0,phase,0.02,0.004,ok,0.0,True,0.754
timing,bpsk,bpsk_8dB_7001,8.0,phase,0.02,0.004,ok,0.0,True,0.743
timing,bpsk,bpsk_8dB_8001,8.0,phase,0.02,0.004,ok,0.0,True,0.75
timing,qpsk,qpsk_10dB_2008,10.0,phase,0.02,0.004,ok,0.0,True,0.392
timing,qpsk,qpsk_10dB_3008,10.0,phase,0.02,0.004,ok,0.0,True,0.384
timing,qpsk,qpsk_10dB_4008,10.0,phase,0.02,0.004,ok,0.0,True,0.391
timing,qpsk,qpsk_10dB_5008,10.0,phase,0.02,0.004,ok,0.0,True,0.396
timing,qpsk,qpsk_10dB_6008,10.0,phase,0.02,0.004,ok,0.0,True,0.379
timing,qpsk,qpsk_10dB_7008,10.0,phase,0.02,0.004,ok,0.0,True,0.392
timing,qpsk,qpsk_10dB_8008,10.0,phase,0.02,0.004,ok,0.0,True,0.387
timing,qpsk,qpsk_13dB_2009,13.0,phase,0.02,0.004,ok,0.0,True,0.38
timing,qpsk,qpsk_13dB_3009,13.0,phase,0.02,0.004,ok,0.0,True,0.394
timing,qpsk,qpsk_13dB_4009,13.0,phase,0.02,0.004,ok,0.0,True,0.394
timing,qpsk,qpsk_13dB_5009,13.0,phase,0.02,0.004,ok,0.0,True,0.4
timing,qpsk,qpsk_13dB_6009,13.0,phase,0.02,0.004,ok,0.0,True,0.381
timing,qpsk,qpsk_13dB_7009,13.0,phase,0.02,0.004,ok,0.0,True,0.384
timing,qpsk,qpsk_13dB_8009,13.0,phase,0.02,0.004,ok,0.0,True,0.387
timing,qpsk,qpsk_4dB_2006,4.0,phase,0.02,0.004,ok,0.001154,True,0.387
timing,qpsk,qpsk_4dB_3006,4.0,phase,0.02,0.004,ok,0.000853,True,0.388
timing,qpsk,qpsk_4dB_4006,4.0,phase,0.02,0.004,ok,0.000552,True,0.38
timing,qpsk,qpsk_4dB_5006,4.0,phase,0.02,0.004,ok,0.001052,True,0.395
timing,qpsk,qpsk_4dB_6006,4.0,phase,0.02,0.004,ok,0.001152,True,0.383
timing,qpsk,qpsk_4dB_7006,4.0,phase,0.02,0.004,ok,0.001053,True,0.385
timing,qpsk,qpsk_4dB_8006,4.0,phase,0.02,0.004,ok,0.001054,True,0.395
timing,qpsk,qpsk_8dB_2007,8.0,phase,0.02,0.004,ok,0.0,True,0.391
timing,qpsk,qpsk_8dB_3007,8.0,phase,0.02,0.004,ok,0.0,True,0.381
timing,qpsk,qpsk_8dB_4007,8.0,phase,0.02,0.004,ok,0.0,True,0.385
timing,qpsk,qpsk_8dB_5007,8.0,phase,0.02,0.004,ok,0.0,True,0.383
timing,qpsk,qpsk_8dB_6007,8.0,phase,0.02,0.004,ok,0.0,True,0.386
timing,qpsk,qpsk_8dB_7007,8.0,phase,0.02,0.004,ok,0.0,True,0.382
timing,qpsk,qpsk_8dB_8007,8.0,phase,0.02,0.004,ok,0.0,True,0.391
timing,16qam,16qam_10dB_2020,10.0,clean,0.04,0.008,ok,0.004261,True,0.21
timing,16qam,16qam_10dB_3020,10.0,clean,0.04,0.008,ok,0.003062,True,0.207
timing,16qam,16qam_10dB_4020,10.0,clean,0.04,0.008,ok,0.003208,True,0.204
timing,16qam,16qam_10dB_5020,10.0,clean,0.04,0.008,ok,0.003306,True,0.206
timing,16qam,16qam_10dB_6020,10.0,clean,0.04,0.008,ok,0.003457,True,0.21
timing,16qam,16qam_10dB_7020,10.0,clean,0.04,0.008,ok,0.003258,True,0.201
timing,16qam,16qam_10dB_8020,10.0,clean,0.04,0.008,ok,0.00316,True,0.201
timing,16qam,16qam_13dB_2021,13.0,clean,0.04,0.008,ok,0.00015,True,0.209
timing,16qam,16qam_13dB_3021,13.0,clean,0.04,0.008,ok,0.00015,True,0.208
timing,16qam,16qam_13dB_4021,13.0,clean,0.04,0.008,ok,0.0,True,0.207
timing,16qam,16qam_13dB_5021,13.0,clean,0.04,0.008,ok,0.0,True,0.207
timing,16qam,16qam_13dB_6021,13.0,clean,0.04,0.008,ok,0.0001,True,0.204
timing,16qam,16qam_13dB_7021,13.0,clean,0.04,0.008,ok,5e-05,True,0.212
timing,16qam,16qam_13dB_8021,13.0,clean,0.04,0.008,ok,5e-05,True,0.2
timing,16qam,16qam_4dB_2018,4.0,clean,0.04,0.008,low_confidence,0.419463,False,0.213
timing,16qam,16qam_4dB_3018,4.0,clean,0.04,0.008,low_confidence,0.402817,False,0.205
timing,16qam,16qam_4dB_4018,4.0,clean,0.04,0.008,low_confidence,0.420147,False,0.21
timing,16qam,16qam_4dB_5018,4.0,clean,0.04,0.008,low_confidence,0.405758,False,0.209
timing,16qam,16qam_4dB_6018,4.0,clean,0.04,0.008,low_confidence,0.403919,False,0.206
timing,16qam,16qam_4dB_7018,4.0,clean,0.04,0.008,low_confidence,0.379151,False,0.211
timing,16qam,16qam_4dB_8018,4.0,clean,0.04,0.008,low_confidence,0.402286,False,0.202
timing,16qam,16qam_8dB_2019,8.0,clean,0.04,0.008,ok,0.169054,False,0.205
timing,16qam,16qam_8dB_3019,8.0,clean,0.04,0.008,ok,0.014701,False,0.207
timing,16qam,16qam_8dB_4019,8.0,clean,0.04,0.008,low_confidence,0.177489,False,0.205
timing,16qam,16qam_8dB_5019,8.0,clean,0.04,0.008,ok,0.030397,False,0.205
timing,16qam,16qam_8dB_6019,8.0,clean,0.04,0.008,ok,0.09038,False,0.2
timing,16qam,16qam_8dB_7019,8.0,clean,0.04,0.008,ok,0.017406,False,0.199
timing,16qam,16qam_8dB_8019,8.0,clean,0.04,0.008,low_confidence,0.014329,False,0.209
timing,8psk,8psk_10dB_2014,10.0,clean,0.04,0.008,ok,0.000551,True,0.293
timing,8psk,8psk_10dB_3014,10.0,clean,0.04,0.008,ok,0.000301,True,0.296
timing,8psk,8psk_10dB_4014,10.0,clean,0.04,0.008,ok,0.000451,True,0.299
timing,8psk,8psk_10dB_5014,10.0,clean,0.04,0.008,ok,0.000401,True,0.296
timing,8psk,8psk_10dB_6014,10.0,clean,0.04,0.008,ok,0.000602,True,0.292
timing,8psk,8psk_10dB_7014,10.0,clean,0.04,0.008,ok,0.000502,True,0.298
timing,8psk,8psk_10dB_8014,10.0,clean,0.04,0.008,ok,0.000351,True,0.296
timing,8psk,8psk_13dB_2015,13.0,clean,0.04,0.008,ok,0.0,True,0.288
timing,8psk,8psk_13dB_3015,13.0,clean,0.04,0.008,ok,0.0,True,0.299
timing,8psk,8psk_13dB_4015,13.0,clean,0.04,0.008,ok,0.0,True,0.301
timing,8psk,8psk_13dB_5015,13.0,clean,0.04,0.008,ok,0.0,True,0.292
timing,8psk,8psk_13dB_6015,13.0,clean,0.04,0.008,ok,0.0,True,0.29
timing,8psk,8psk_13dB_7015,13.0,clean,0.04,0.008,ok,0.0,True,0.303
timing,8psk,8psk_13dB_8015,13.0,clean,0.04,0.008,ok,0.0,True,0.294
timing,8psk,8psk_4dB_2012,4.0,clean,0.04,0.008,low_confidence,0.432835,False,0.292
timing,8psk,8psk_4dB_3012,4.0,clean,0.04,0.008,low_confidence,0.420575,False,0.3
timing,8psk,8psk_4dB_4012,4.0,clean,0.04,0.008,low_confidence,0.401965,False,0.29
timing,8psk,8psk_4dB_5012,4.0,clean,0.04,0.008,low_confidence,0.484391,False,0.294
timing,8psk,8psk_4dB_6012,4.0,clean,0.04,0.008,low_confidence,0.45455,False,0.293
timing,8psk,8psk_4dB_7012,4.0,clean,0.04,0.008,low_confidence,0.455006,False,0.288
timing,8psk,8psk_4dB_8012,4.0,clean,0.04,0.008,low_confidence,0.44396,False,0.295
timing,8psk,8psk_8dB_2013,8.0,clean,0.04,0.008,ok,0.003206,True,0.294
timing,8psk,8psk_8dB_3013,8.0,clean,0.04,0.008,ok,0.003457,True,0.295
timing,8psk,8psk_8dB_4013,8.0,clean,0.04,0.008,ok,0.003859,True,0.302
timing,8psk,8psk_8dB_5013,8.0,clean,0.04,0.008,ok,0.082377,False,0.296
timing,8psk,8psk_8dB_6013,8.0,clean,0.04,0.008,ok,0.00371,True,0.297
timing,8psk,8psk_8dB_7013,8.0,clean,0.04,0.008,ok,0.003712,True,0.295
timing,8psk,8psk_8dB_8013,8.0,clean,0.04,0.008,ok,0.004457,True,0.292
timing,bpsk,bpsk_10dB_2002,10.0,clean,0.02,0.008,ok,0.0,True,0.751
timing,bpsk,bpsk_10dB_3002,10.0,clean,0.02,0.008,ok,0.001653,True,0.747
timing,bpsk,bpsk_10dB_4002,10.0,clean,0.02,0.008,ok,0.0,True,0.757
timing,bpsk,bpsk_10dB_5002,10.0,clean,0.02,0.008,ok,0.0,True,0.759
timing,bpsk,bpsk_10dB_6002,10.0,clean,0.02,0.008,ok,0.0,True,0.736
timing,bpsk,bpsk_10dB_7002,10.0,clean,0.02,0.008,ok,0.0,True,0.743
timing,bpsk,bpsk_10dB_8002,10.0,clean,0.02,0.008,ok,0.0,True,0.735
timing,bpsk,bpsk_13dB_2003,13.0,clean,0.02,0.008,ok,0.00256,True,0.735
timing,bpsk,bpsk_13dB_3003,13.0,clean,0.02,0.008,ok,0.0,True,0.74
timing,bpsk,bpsk_13dB_4003,13.0,clean,0.02,0.008,ok,0.0,True,0.735
timing,bpsk,bpsk_13dB_5003,13.0,clean,0.02,0.008,ok,0.0,True,0.757
timing,bpsk,bpsk_13dB_6003,13.0,clean,0.02,0.008,ok,0.0,True,0.74
timing,bpsk,bpsk_13dB_7003,13.0,clean,0.02,0.008,ok,0.0,True,0.744
timing,bpsk,bpsk_13dB_8003,13.0,clean,0.02,0.008,ok,0.0,True,0.753
timing,bpsk,bpsk_4dB_2000,4.0,clean,0.02,0.008,ok,0.0,True,0.75
timing,bpsk,bpsk_4dB_3000,4.0,clean,0.02,0.008,ok,0.0,True,0.757
timing,bpsk,bpsk_4dB_4000,4.0,clean,0.02,0.008,ok,0.0,True,0.759
timing,bpsk,bpsk_4dB_5000,4.0,clean,0.02,0.008,ok,0.0,True,0.746
timing,bpsk,bpsk_4dB_6000,4.0,clean,0.02,0.008,ok,5e-05,True,0.731
timing,bpsk,bpsk_4dB_7000,4.0,clean,0.02,0.008,ok,0.0,True,0.738
timing,bpsk,bpsk_4dB_8000,4.0,clean,0.02,0.008,ok,0.0,True,0.756
timing,bpsk,bpsk_8dB_2001,8.0,clean,0.02,0.008,ok,0.0,True,0.751
timing,bpsk,bpsk_8dB_3001,8.0,clean,0.02,0.008,ok,0.01804,False,0.763
timing,bpsk,bpsk_8dB_4001,8.0,clean,0.02,0.008,ok,0.0,True,0.757
timing,bpsk,bpsk_8dB_5001,8.0,clean,0.02,0.008,ok,0.0,True,0.753
timing,bpsk,bpsk_8dB_6001,8.0,clean,0.02,0.008,ok,0.0,True,0.743
timing,bpsk,bpsk_8dB_7001,8.0,clean,0.02,0.008,ok,0.0,True,0.744
timing,bpsk,bpsk_8dB_8001,8.0,clean,0.02,0.008,ok,0.0,True,0.738
timing,qpsk,qpsk_10dB_2008,10.0,clean,0.02,0.008,ok,0.0,True,0.384
timing,qpsk,qpsk_10dB_3008,10.0,clean,0.02,0.008,ok,0.0,True,0.401
timing,qpsk,qpsk_10dB_4008,10.0,clean,0.02,0.008,ok,0.0,True,0.38
timing,qpsk,qpsk_10dB_5008,10.0,clean,0.02,0.008,ok,0.0,True,0.393
timing,qpsk,qpsk_10dB_6008,10.0,clean,0.02,0.008,ok,0.0,True,0.397
timing,qpsk,qpsk_10dB_7008,10.0,clean,0.02,0.008,ok,0.0,True,0.391
timing,qpsk,qpsk_10dB_8008,10.0,clean,0.02,0.008,ok,0.0,True,0.392
timing,qpsk,qpsk_13dB_2009,13.0,clean,0.02,0.008,ok,0.0,True,0.387
timing,qpsk,qpsk_13dB_3009,13.0,clean,0.02,0.008,ok,0.0,True,0.394
timing,qpsk,qpsk_13dB_4009,13.0,clean,0.02,0.008,ok,0.0,True,0.386
timing,qpsk,qpsk_13dB_5009,13.0,clean,0.02,0.008,ok,0.0,True,0.388
timing,qpsk,qpsk_13dB_6009,13.0,clean,0.02,0.008,ok,0.0,True,0.396
timing,qpsk,qpsk_13dB_7009,13.0,clean,0.02,0.008,ok,0.0,True,0.39
timing,qpsk,qpsk_13dB_8009,13.0,clean,0.02,0.008,ok,0.0,True,0.395
timing,qpsk,qpsk_4dB_2006,4.0,clean,0.02,0.008,ok,0.001254,True,0.388
timing,qpsk,qpsk_4dB_3006,4.0,clean,0.02,0.008,ok,0.001004,True,0.386
timing,qpsk,qpsk_4dB_4006,4.0,clean,0.02,0.008,ok,0.000652,True,0.385
timing,qpsk,qpsk_4dB_5006,4.0,clean,0.02,0.008,ok,0.001152,True,0.379
timing,qpsk,qpsk_4dB_6006,4.0,clean,0.02,0.008,ok,0.001353,True,0.388
timing,qpsk,qpsk_4dB_7006,4.0,clean,0.02,0.008,ok,0.000953,True,0.384
timing,qpsk,qpsk_4dB_8006,4.0,clean,0.02,0.008,ok,0.000954,True,0.393
timing,qpsk,qpsk_8dB_2007,8.0,clean,0.02,0.008,ok,0.0,True,0.4
timing,qpsk,qpsk_8dB_3007,8.0,clean,0.02,0.008,ok,0.0,True,0.379
timing,qpsk,qpsk_8dB_4007,8.0,clean,0.02,0.008,ok,0.0,True,0.388
timing,qpsk,qpsk_8dB_5007,8.0,clean,0.02,0.008,ok,0.0,True,0.384
timing,qpsk,qpsk_8dB_6007,8.0,clean,0.02,0.008,ok,0.0,True,0.391
timing,qpsk,qpsk_8dB_7007,8.0,clean,0.02,0.008,ok,0.0,True,0.389
timing,qpsk,qpsk_8dB_8007,8.0,clean,0.02,0.008,ok,0.0,True,0.39
timing,16qam,16qam_10dB_2020,10.0,phase,0.04,0.008,ok,0.004411,True,0.217
timing,16qam,16qam_10dB_3020,10.0,phase,0.04,0.008,ok,0.003062,True,0.211
timing,16qam,16qam_10dB_4020,10.0,phase,0.04,0.008,ok,0.003308,True,0.199
timing,16qam,16qam_10dB_5020,10.0,phase,0.04,0.008,ok,0.003306,True,0.212
timing,16qam,16qam_10dB_6020,10.0,phase,0.04,0.008,ok,0.003457,True,0.208
timing,16qam,16qam_10dB_7020,10.0,phase,0.04,0.008,ok,0.003258,True,0.21
timing,16qam,16qam_10dB_8020,10.0,phase,0.04,0.008,ok,0.00316,True,0.207
timing,16qam,16qam_13dB_2021,13.0,phase,0.04,0.008,ok,0.00015,True,0.206
timing,16qam,16qam_13dB_3021,13.0,phase,0.04,0.008,ok,0.00015,True,0.215
timing,16qam,16qam_13dB_4021,13.0,phase,0.04,0.008,ok,0.0,True,0.208
timing,16qam,16qam_13dB_5021,13.0,phase,0.04,0.008,ok,0.0,True,0.21
timing,16qam,16qam_13dB_6021,13.0,phase,0.04,0.008,ok,0.0001,True,0.204
timing,16qam,16qam_13dB_7021,13.0,phase,0.04,0.008,ok,5e-05,True,0.201
timing,16qam,16qam_13dB_8021,13.0,phase,0.04,0.008,ok,5e-05,True,0.206
timing,16qam,16qam_4dB_2018,4.0,phase,0.04,0.008,low_confidence,0.419163,False,0.204
timing,16qam,16qam_4dB_3018,4.0,phase,0.04,0.008,low_confidence,0.417051,False,0.208
timing,16qam,16qam_4dB_4018,4.0,phase,0.04,0.008,low_confidence,0.406796,False,0.205
timing,16qam,16qam_4dB_5018,4.0,phase,0.04,0.008,low_confidence,0.405758,False,0.205
timing,16qam,16qam_4dB_6018,4.0,phase,0.04,0.008,low_confidence,0.356656,False,0.213
timing,16qam,16qam_4dB_7018,4.0,phase,0.04,0.008,low_confidence,0.419685,False,0.207
timing,16qam,16qam_4dB_8018,4.0,phase,0.04,0.008,low_confidence,0.387847,False,0.212
timing,16qam,16qam_8dB_2019,8.0,phase,0.04,0.008,ok,0.169054,False,0.204
timing,16qam,16qam_8dB_3019,8.0,phase,0.04,0.008,ok,0.014701,False,0.202
timing,16qam,16qam_8dB_4019,8.0,phase,0.04,0.008,low_confidence,0.229677,False,0.205
timing,16qam,16qam_8dB_5019,8.0,phase,0.04,0.008,ok,0.030247,False,0.206
timing,16qam,16qam_8dB_6019,8.0,phase,0.04,0.008,ok,0.09023,False,0.209
timing,16qam,16qam_8dB_7019,8.0,phase,0.04,0.008,ok,0.017406,False,0.205
timing,16qam,16qam_8dB_8019,8.0,phase,0.04,0.008,low_confidence,0.014329,False,0.211
timing,8psk,8psk_10dB_2014,10.0,phase,0.04,0.008,ok,0.000551,True,0.295
timing,8psk,8psk_10dB_3014,10.0,phase,0.04,0.008,ok,0.000301,True,0.299
timing,8psk,8psk_10dB_4014,10.0,phase,0.04,0.008,ok,0.000451,True,0.298
timing,8psk,8psk_10dB_5014,10.0,phase,0.04,0.008,ok,0.000401,True,0.291
timing,8psk,8psk_10dB_6014,10.0,phase,0.04,0.008,ok,0.000602,True,0.286
timing,8psk,8psk_10dB_7014,10.0,phase,0.04,0.008,ok,0.000502,True,0.293
timing,8psk,8psk_10dB_8014,10.0,phase,0.04,0.008,ok,0.000301,True,0.285
timing,8psk,8psk_13dB_2015,13.0,phase,0.04,0.008,ok,0.0,True,0.298
timing,8psk,8psk_13dB_3015,13.0,phase,0.04,0.008,ok,0.0,True,0.293
timing,8psk,8psk_13dB_4015,13.0,phase,0.04,0.008,ok,0.0,True,0.292
timing,8psk,8psk_13dB_5015,13.0,phase,0.04,0.008,ok,0.0,True,0.292
timing,8psk,8psk_13dB_6015,13.0,phase,0.04,0.008,ok,0.0,True,0.292
timing,8psk,8psk_13dB_7015,13.0,phase,0.04,0.008,ok,0.0,True,0.297
timing,8psk,8psk_13dB_8015,13.0,phase,0.04,0.008,ok,0.0,True,0.297
timing,8psk,8psk_4dB_2012,4.0,phase,0.04,0.008,low_confidence,0.432835,False,0.302
timing,8psk,8psk_4dB_3012,4.0,phase,0.04,0.008,low_confidence,0.420525,False,0.292
timing,8psk,8psk_4dB_4012,4.0,phase,0.04,0.008,low_confidence,0.384268,False,0.288
timing,8psk,8psk_4dB_5012,4.0,phase,0.04,0.008,low_confidence,0.484041,False,0.292
timing,8psk,8psk_4dB_6012,4.0,phase,0.04,0.008,low_confidence,0.45465,False,0.299
timing,8psk,8psk_4dB_7012,4.0,phase,0.04,0.008,low_confidence,0.455006,False,0.301
timing,8psk,8psk_4dB_8012,4.0,phase,0.04,0.008,low_confidence,0.44396,False,0.297
timing,8psk,8psk_8dB_2013,8.0,phase,0.04,0.008,ok,0.003206,True,0.292
timing,8psk,8psk_8dB_3013,8.0,phase,0.04,0.008,ok,0.003457,True,0.296
timing,8psk,8psk_8dB_4013,8.0,phase,0.04,0.008,ok,0.003859,True,0.295
timing,8psk,8psk_8dB_5013,8.0,phase,0.04,0.008,ok,0.082326,False,0.299
timing,8psk,8psk_8dB_6013,8.0,phase,0.04,0.008,ok,0.00376,True,0.295
timing,8psk,8psk_8dB_7013,8.0,phase,0.04,0.008,ok,0.003712,True,0.294
timing,8psk,8psk_8dB_8013,8.0,phase,0.04,0.008,ok,0.004407,True,0.288
timing,bpsk,bpsk_10dB_2002,10.0,phase,0.02,0.008,ok,0.0,True,0.747
timing,bpsk,bpsk_10dB_3002,10.0,phase,0.02,0.008,ok,0.001703,True,0.743
timing,bpsk,bpsk_10dB_4002,10.0,phase,0.02,0.008,ok,0.0,True,0.74
timing,bpsk,bpsk_10dB_5002,10.0,phase,0.02,0.008,ok,0.0,True,0.752
timing,bpsk,bpsk_10dB_6002,10.0,phase,0.02,0.008,ok,0.0,True,0.758
timing,bpsk,bpsk_10dB_7002,10.0,phase,0.02,0.008,ok,0.0,True,0.747
timing,bpsk,bpsk_10dB_8002,10.0,phase,0.02,0.008,ok,0.0,True,0.764
timing,bpsk,bpsk_13dB_2003,13.0,phase,0.02,0.008,ok,0.005471,True,0.736
timing,bpsk,bpsk_13dB_3003,13.0,phase,0.02,0.008,ok,0.0,True,0.755
timing,bpsk,bpsk_13dB_4003,13.0,phase,0.02,0.008,ok,0.0,True,0.757
timing,bpsk,bpsk_13dB_5003,13.0,phase,0.02,0.008,ok,0.0,True,0.756
timing,bpsk,bpsk_13dB_6003,13.0,phase,0.02,0.008,ok,0.0,True,0.75
timing,bpsk,bpsk_13dB_7003,13.0,phase,0.02,0.008,ok,0.0,True,0.732
timing,bpsk,bpsk_13dB_8003,13.0,phase,0.02,0.008,ok,0.0,True,0.735
timing,bpsk,bpsk_4dB_2000,4.0,phase,0.02,0.008,ok,0.0,True,0.751
timing,bpsk,bpsk_4dB_3000,4.0,phase,0.02,0.008,ok,0.0,True,0.749
timing,bpsk,bpsk_4dB_4000,4.0,phase,0.02,0.008,ok,0.0,True,0.764
timing,bpsk,bpsk_4dB_5000,4.0,phase,0.02,0.008,ok,0.0,True,0.758
timing,bpsk,bpsk_4dB_6000,4.0,phase,0.02,0.008,ok,5e-05,True,0.753
timing,bpsk,bpsk_4dB_7000,4.0,phase,0.02,0.008,ok,0.0,True,0.749
timing,bpsk,bpsk_4dB_8000,4.0,phase,0.02,0.008,ok,0.0,True,0.755
timing,bpsk,bpsk_8dB_2001,8.0,phase,0.02,0.008,ok,0.0,True,0.748
timing,bpsk,bpsk_8dB_3001,8.0,phase,0.02,0.008,ok,0.002305,True,0.742
timing,bpsk,bpsk_8dB_4001,8.0,phase,0.02,0.008,ok,0.0,True,0.752
timing,bpsk,bpsk_8dB_5001,8.0,phase,0.02,0.008,ok,0.0,True,0.751
timing,bpsk,bpsk_8dB_6001,8.0,phase,0.02,0.008,ok,0.0,True,0.749
timing,bpsk,bpsk_8dB_7001,8.0,phase,0.02,0.008,ok,0.0,True,0.751
timing,bpsk,bpsk_8dB_8001,8.0,phase,0.02,0.008,ok,0.0,True,0.749
timing,qpsk,qpsk_10dB_2008,10.0,phase,0.02,0.008,ok,0.0,True,0.39
timing,qpsk,qpsk_10dB_3008,10.0,phase,0.02,0.008,ok,0.0,True,0.385
timing,qpsk,qpsk_10dB_4008,10.0,phase,0.02,0.008,ok,0.0,True,0.387
timing,qpsk,qpsk_10dB_5008,10.0,phase,0.02,0.008,ok,0.0,True,0.38
timing,qpsk,qpsk_10dB_6008,10.0,phase,0.02,0.008,ok,0.0,True,0.386
timing,qpsk,qpsk_10dB_7008,10.0,phase,0.02,0.008,ok,0.0,True,0.394
timing,qpsk,qpsk_10dB_8008,10.0,phase,0.02,0.008,ok,0.0,True,0.396
timing,qpsk,qpsk_13dB_2009,13.0,phase,0.02,0.008,ok,0.0,True,0.388
timing,qpsk,qpsk_13dB_3009,13.0,phase,0.02,0.008,ok,0.0,True,0.379
timing,qpsk,qpsk_13dB_4009,13.0,phase,0.02,0.008,ok,0.0,True,0.385
timing,qpsk,qpsk_13dB_5009,13.0,phase,0.02,0.008,ok,0.0,True,0.384
timing,qpsk,qpsk_13dB_6009,13.0,phase,0.02,0.008,ok,0.0,True,0.381
timing,qpsk,qpsk_13dB_7009,13.0,phase,0.02,0.008,ok,0.0,True,0.385
timing,qpsk,qpsk_13dB_8009,13.0,phase,0.02,0.008,ok,0.0,True,0.385
timing,qpsk,qpsk_4dB_2006,4.0,phase,0.02,0.008,ok,0.001254,True,0.393
timing,qpsk,qpsk_4dB_3006,4.0,phase,0.02,0.008,ok,0.001004,True,0.381
timing,qpsk,qpsk_4dB_4006,4.0,phase,0.02,0.008,ok,0.000652,True,0.39
timing,qpsk,qpsk_4dB_5006,4.0,phase,0.02,0.008,ok,0.001203,True,0.388
timing,qpsk,qpsk_4dB_6006,4.0,phase,0.02,0.008,ok,0.001353,True,0.395
timing,qpsk,qpsk_4dB_7006,4.0,phase,0.02,0.008,ok,0.000953,True,0.381
timing,qpsk,qpsk_4dB_8006,4.0,phase,0.02,0.008,ok,0.000954,True,0.377
timing,qpsk,qpsk_8dB_2007,8.0,phase,0.02,0.008,ok,0.0,True,0.392
timing,qpsk,qpsk_8dB_3007,8.0,phase,0.02,0.008,ok,0.0,True,0.388
timing,qpsk,qpsk_8dB_4007,8.0,phase,0.02,0.008,ok,0.0,True,0.395
timing,qpsk,qpsk_8dB_5007,8.0,phase,0.02,0.008,ok,0.0,True,0.381
timing,qpsk,qpsk_8dB_6007,8.0,phase,0.02,0.008,ok,0.0,True,0.389
timing,qpsk,qpsk_8dB_7007,8.0,phase,0.02,0.008,ok,0.0,True,0.391
timing,qpsk,qpsk_8dB_8007,8.0,phase,0.02,0.008,ok,0.0,True,0.39
timing,16qam,16qam_10dB_2020,10.0,clean,0.04,0.016,ok,0.005464,True,0.203
timing,16qam,16qam_10dB_3020,10.0,clean,0.04,0.016,ok,0.003815,True,0.199
timing,16qam,16qam_10dB_4020,10.0,clean,0.04,0.016,ok,0.251078,False,0.209
timing,16qam,16qam_10dB_5020,10.0,clean,0.04,0.016,ok,0.004408,True,0.207
timing,16qam,16qam_10dB_6020,10.0,clean,0.04,0.016,ok,0.004259,True,0.206
timing,16qam,16qam_10dB_7020,10.0,clean,0.04,0.016,ok,0.003909,True,0.201
timing,16qam,16qam_10dB_8020,10.0,clean,0.04,0.016,ok,0.004013,True,0.202
timing,16qam,16qam_13dB_2021,13.0,clean,0.04,0.016,ok,0.000251,True,0.212
timing,16qam,16qam_13dB_3021,13.0,clean,0.04,0.016,ok,0.0002,True,0.211
timing,16qam,16qam_13dB_4021,13.0,clean,0.04,0.016,ok,0.0001,True,0.206
timing,16qam,16qam_13dB_5021,13.0,clean,0.04,0.016,ok,0.00015,True,0.207
timing,16qam,16qam_13dB_6021,13.0,clean,0.04,0.016,ok,0.0002,True,0.207
timing,16qam,16qam_13dB_7021,13.0,clean,0.04,0.016,ok,5e-05,True,0.208
timing,16qam,16qam_13dB_8021,13.0,clean,0.04,0.016,ok,0.0002,True,0.205
timing,16qam,16qam_4dB_2018,4.0,clean,0.04,0.016,low_confidence,0.416107,False,0.208
timing,16qam,16qam_4dB_3018,4.0,clean,0.04,0.016,low_confidence,0.394747,False,0.207
timing,16qam,16qam_4dB_4018,4.0,clean,0.04,0.016,low_confidence,0.345413,False,0.204
timing,16qam,16qam_4dB_5018,4.0,clean,0.04,0.016,low_confidence,0.421507,False,0.207
timing,16qam,16qam_4dB_6018,4.0,clean,0.04,0.016,low_confidence,0.432688,False,0.2
timing,16qam,16qam_4dB_7018,4.0,clean,0.04,0.016,low_confidence,0.40905,False,0.208
timing,16qam,16qam_4dB_8018,4.0,clean,0.04,0.016,low_confidence,0.414218,False,0.212
timing,16qam,16qam_8dB_2019,8.0,clean,0.04,0.016,ok,0.019235,False,0.201
timing,16qam,16qam_8dB_3019,8.0,clean,0.04,0.016,ok,0.103161,False,0.203
timing,16qam,16qam_8dB_4019,8.0,clean,0.04,0.016,low_confidence,0.01932,False,0.203
timing,16qam,16qam_8dB_5019,8.0,clean,0.04,0.016,ok,0.151635,False,0.207
timing,16qam,16qam_8dB_6019,8.0,clean,0.04,0.016,ok,0.102518,False,0.208
timing,16qam,16qam_8dB_7019,8.0,clean,0.04,0.016,ok,0.022673,False,0.207
timing,16qam,16qam_8dB_8019,8.0,clean,0.04,0.016,low_confidence,0.062124,False,0.201
timing,8psk,8psk_10dB_2014,10.0,clean,0.04,0.016,ok,0.000551,True,0.296
timing,8psk,8psk_10dB_3014,10.0,clean,0.04,0.016,ok,0.000351,True,0.292
timing,8psk,8psk_10dB_4014,10.0,clean,0.04,0.016,ok,0.000451,True,0.299
timing,8psk,8psk_10dB_5014,10.0,clean,0.04,0.016,ok,0.000502,True,0.288
timing,8psk,8psk_10dB_6014,10.0,clean,0.04,0.016,ok,0.000652,True,0.3
timing,8psk,8psk_10dB_7014,10.0,clean,0.04,0.016,ok,0.000552,True,0.302
timing,8psk,8psk_10dB_8014,10.0,clean,0.04,0.016,ok,0.000502,True,0.304
timing,8psk,8psk_13dB_2015,13.0,clean,0.04,0.016,ok,0.0,True,0.291
timing,8psk,8psk_13dB_3015,13.0,clean,0.04,0.016,ok,0.0,True,0.297
timing,8psk,8psk_13dB_4015,13.0,clean,0.04,0.016,ok,0.0,True,0.294
timing,8psk,8psk_13dB_5015,13.0,clean,0.04,0.016,ok,0.0,True,0.286
timing,8psk,8psk_13dB_6015,13.0,clean,0.04,0.016,ok,0.0,True,0.301
timing,8psk,8psk_13dB_7015,13.0,clean,0.04,0.016,ok,0.0,True,0.295
timing,8psk,8psk_13dB_8015,13.0,clean,0.04,0.016,ok,0.0,True,0.292
timing,8psk,8psk_4dB_2012,4.0,clean,0.04,0.016,low_confidence,0.328652,False,0.302
timing,8psk,8psk_4dB_3012,4.0,clean,0.04,0.016,low_confidence,0.372119,False,0.298
timing,8psk,8psk_4dB_4012,4.0,clean,0.04,0.016,low_confidence,0.459969,False,0.29
timing,8psk,8psk_4dB_5012,4.0,clean,0.04,0.016,low_confidence,0.459087,False,0.29
timing,8psk,8psk_4dB_6012,4.0,clean,0.04,0.016,low_confidence,0.480221,False,0.302
timing,8psk,8psk_4dB_7012,4.0,clean,0.04,0.016,low_confidence,0.445731,False,0.297
timing,8psk,8psk_4dB_8012,4.0,clean,0.04,0.016,low_confidence,0.404798,False,0.293
timing,8psk,8psk_8dB_2013,8.0,clean,0.04,0.016,ok,0.003857,True,0.3
timing,8psk,8psk_8dB_3013,8.0,clean,0.04,0.016,ok,0.003607,True,0.297
timing,8psk,8psk_8dB_4013,8.0,clean,0.04,0.016,ok,0.004009,True,0.297
timing,8psk,8psk_8dB_5013,8.0,clean,0.04,0.016,ok,0.004312,True,0.301
timing,8psk,8psk_8dB_6013,8.0,clean,0.04,0.016,ok,0.00366,True,0.287
timing,8psk,8psk_8dB_7013,8.0,clean,0.04,0.016,ok,0.003913,True,0.298
timing,8psk,8psk_8dB_8013,8.0,clean,0.04,0.016,ok,0.004006,True,0.301
timing,bpsk,bpsk_10dB_2002,10.0,clean,0.02,0.016,ok,0.0,True,0.757
timing,bpsk,bpsk_10dB_3002,10.0,clean,0.02,0.016,ok,0.0,True,0.758
timing,bpsk,bpsk_10dB_4002,10.0,clean,0.02,0.016,ok,0.0,True,0.755
timing,bpsk,bpsk_10dB_5002,10.0,clean,0.02,0.016,ok,0.000652,True,0.731
timing,bpsk,bpsk_10dB_6002,10.0,clean,0.02,0.016,ok,0.0,True,0.741
timing,bpsk,bpsk_10dB_7002,10.0,clean,0.02,0.016,ok,0.0,True,0.745
timing,bpsk,bpsk_10dB_8002,10.0,clean,0.02,0.016,ok,0.0,True,0.751
timing,bpsk,bpsk_13dB_2003,13.0,clean,0.02,0.016,ok,0.0,True,0.737
timing,bpsk,bpsk_13dB_3003,13.0,clean,0.02,0.016,ok,0.0,True,0.734
timing,bpsk,bpsk_13dB_4003,13.0,clean,0.02,0.016,ok,0.0,True,0.748
timing,bpsk,bpsk_13dB_5003,13.0,clean,0.02,0.016,ok,0.0,True,0.751
timing,bpsk,bpsk_13dB_6003,13.0,clean,0.02,0.016,ok,0.0,True,0.748
timing,bpsk,bpsk_13dB_7003,13.0,clean,0.02,0.016,ok,0.0,True,0.772
timing,bpsk,bpsk_13dB_8003,13.0,clean,0.02,0.016,ok,0.0,True,0.753
timing,bpsk,bpsk_4dB_2000,4.0,clean,0.02,0.016,ok,0.0,True,0.748
timing,bpsk,bpsk_4dB_3000,4.0,clean,0.02,0.016,ok,0.0,True,0.752
timing,bpsk,bpsk_4dB_4000,4.0,clean,0.02,0.016,ok,0.0,True,0.763
timing,bpsk,bpsk_4dB_5000,4.0,clean,0.02,0.016,ok,0.001405,True,0.748
timing,bpsk,bpsk_4dB_6000,4.0,clean,0.02,0.016,ok,5e-05,True,0.742
timing,bpsk,bpsk_4dB_7000,4.0,clean,0.02,0.016,ok,0.0,True,0.756
timing,bpsk,bpsk_4dB_8000,4.0,clean,0.02,0.016,ok,0.002557,True,0.74
timing,bpsk,bpsk_8dB_2001,8.0,clean,0.02,0.016,ok,0.0,True,0.739
timing,bpsk,bpsk_8dB_3001,8.0,clean,0.02,0.016,ok,0.0,True,0.739
timing,bpsk,bpsk_8dB_4001,8.0,clean,0.02,0.016,ok,0.030681,False,0.753
timing,bpsk,bpsk_8dB_5001,8.0,clean,0.02,0.016,ok,0.0,True,0.75
timing,bpsk,bpsk_8dB_6001,8.0,clean,0.02,0.016,ok,0.0,True,0.763
timing,bpsk,bpsk_8dB_7001,8.0,clean,0.02,0.016,ok,0.0,True,0.761
timing,bpsk,bpsk_8dB_8001,8.0,clean,0.02,0.016,ok,0.0,True,0.747
timing,qpsk,qpsk_10dB_2008,10.0,clean,0.02,0.016,ok,0.0,True,0.393
timing,qpsk,qpsk_10dB_3008,10.0,clean,0.02,0.016,ok,0.0,True,0.398
timing,qpsk,qpsk_10dB_4008,10.0,clean,0.02,0.016,ok,0.0,True,0.386
timing,qpsk,qpsk_10dB_5008,10.0,clean,0.02,0.016,ok,0.0,True,0.388
timing,qpsk,qpsk_10dB_6008,10.0,clean,0.02,0.016,ok,0.0,True,0.397
timing,qpsk,qpsk_10dB_7008,10.0,clean,0.02,0.016,ok,0.0,True,0.382
timing,qpsk,qpsk_10dB_8008,10.0,clean,0.02,0.016,ok,0.0,True,0.381
timing,qpsk,qpsk_13dB_2009,13.0,clean,0.02,0.016,ok,0.0,True,0.38
timing,qpsk,qpsk_13dB_3009,13.0,clean,0.02,0.016,ok,0.0,True,0.391
timing,qpsk,qpsk_13dB_4009,13.0,clean,0.02,0.016,ok,0.0,True,0.393
timing,qpsk,qpsk_13dB_5009,13.0,clean,0.02,0.016,ok,0.0,True,0.391
timing,qpsk,qpsk_13dB_6009,13.0,clean,0.02,0.016,ok,0.0,True,0.38
timing,qpsk,qpsk_13dB_7009,13.0,clean,0.02,0.016,ok,0.0,True,0.39
timing,qpsk,qpsk_13dB_8009,13.0,clean,0.02,0.016,ok,0.0,True,0.395
timing,qpsk,qpsk_4dB_2006,4.0,clean,0.02,0.016,ok,0.001254,True,0.389
timing,qpsk,qpsk_4dB_3006,4.0,clean,0.02,0.016,ok,0.001054,True,0.384
timing,qpsk,qpsk_4dB_4006,4.0,clean,0.02,0.016,ok,0.000803,True,0.395
timing,qpsk,qpsk_4dB_5006,4.0,clean,0.02,0.016,ok,0.001253,True,0.39
timing,qpsk,qpsk_4dB_6006,4.0,clean,0.02,0.016,ok,0.001503,True,0.389
timing,qpsk,qpsk_4dB_7006,4.0,clean,0.02,0.016,ok,0.001154,True,0.386
timing,qpsk,qpsk_4dB_8006,4.0,clean,0.02,0.016,ok,0.000954,True,0.385
timing,qpsk,qpsk_8dB_2007,8.0,clean,0.02,0.016,ok,0.0,True,0.384
timing,qpsk,qpsk_8dB_3007,8.0,clean,0.02,0.016,ok,0.0,True,0.394
timing,qpsk,qpsk_8dB_4007,8.0,clean,0.02,0.016,ok,0.0,True,0.393
timing,qpsk,qpsk_8dB_5007,8.0,clean,0.02,0.016,ok,0.0,True,0.393
timing,qpsk,qpsk_8dB_6007,8.0,clean,0.02,0.016,ok,0.0,True,0.395
timing,qpsk,qpsk_8dB_7007,8.0,clean,0.02,0.016,ok,0.0,True,0.397
timing,qpsk,qpsk_8dB_8007,8.0,clean,0.02,0.016,ok,0.0,True,0.391
timing,16qam,16qam_10dB_2020,10.0,phase,0.04,0.016,ok,0.005664,True,0.209
timing,16qam,16qam_10dB_3020,10.0,phase,0.04,0.016,ok,0.003815,True,0.205
timing,16qam,16qam_10dB_4020,10.0,phase,0.04,0.016,ok,0.250977,False,0.207
timing,16qam,16qam_10dB_5020,10.0,phase,0.04,0.016,ok,0.004408,True,0.205
timing,16qam,16qam_10dB_6020,10.0,phase,0.04,0.016,ok,0.004259,True,0.205
timing,16qam,16qam_10dB_7020,10.0,phase,0.04,0.016,ok,0.003909,True,0.208
timing,16qam,16qam_10dB_8020,10.0,phase,0.04,0.016,ok,0.004013,True,0.199
timing,16qam,16qam_13dB_2021,13.0,phase,0.04,0.016,ok,0.000251,True,0.203
timing,16qam,16qam_13dB_3021,13.0,phase,0.04,0.016,ok,0.0002,True,0.208
timing,16qam,16qam_13dB_4021,13.0,phase,0.04,0.016,ok,0.0001,True,0.202
timing,16qam,16qam_13dB_5021,13.0,phase,0.04,0.016,ok,0.00015,True,0.206
timing,16qam,16qam_13dB_6021,13.0,phase,0.04,0.016,ok,0.0002,True,0.199
timing,16qam,16qam_13dB_7021,13.0,phase,0.04,0.016,ok,5e-05,True,0.212
timing,16qam,16qam_13dB_8021,13.0,phase,0.04,0.016,ok,0.0002,True,0.2
timing,16qam,16qam_4dB_2018,4.0,phase,0.04,0.016,low_confidence,0.416107,False,0.206
timing,16qam,16qam_4dB_3018,4.0,phase,0.04,0.016,low_confidence,0.40823,False,0.212
timing,16qam,16qam_4dB_4018,4.0,phase,0.04,0.016,low_confidence,0.412116,False,0.215
timing,16qam,16qam_4dB_5018,4.0,phase,0.04,0.016,low_confidence,0.421507,False,0.21
timing,16qam,16qam_4dB_6018,4.0,phase,0.04,0.016,low_confidence,0.416149,False,0.207
timing,16qam,16qam_4dB_7018,4.0,phase,0.04,0.016,low_confidence,0.416123,False,0.209
timing,16qam,16qam_4dB_8018,4.0,phase,0.04,0.016,low_confidence,0.419483,False,0.208
timing,16qam,16qam_8dB_2019,8.0,phase,0.04,0.016,ok,0.019235,False,0.204
timing,16qam,16qam_8dB_3019,8.0,phase,0.04,0.016,ok,0.103161,False,0.208
timing,16qam,16qam_8dB_4019,8.0,phase,0.04,0.016,ok,0.01957,False,0.201
timing,16qam,16qam_8dB_5019,8.0,phase,0.04,0.016,ok,0.119081,False,0.202
timing,16qam,16qam_8dB_6019,8.0,phase,0.04,0.016,ok,0.19039,False,0.206
timing,16qam,16qam_8dB_7019,8.0,phase,0.04,0.016,ok,0.022673,False,0.208
timing,16qam,16qam_8dB_8019,8.0,phase,0.04,0.016,low_confidence,0.062124,False,0.207
timing,8psk,8psk_10dB_2014,10.0,phase,0.04,0.016,ok,0.000601,True,0.296
timing,8psk,8psk_10dB_3014,10.0,phase,0.04,0.016,ok,0.000351,True,0.295
timing,8psk,8psk_10dB_4014,10.0,phase,0.04,0.016,ok,0.000451,True,0.294
timing,8psk,8psk_10dB_5014,10.0,phase,0.04,0.016,ok,0.000502,True,0.29
timing,8psk,8psk_10dB_6014,10.0,phase,0.04,0.016,ok,0.000652,True,0.29
timing,8psk,8psk_10dB_7014,10.0,phase,0.04,0.016,ok,0.000552,True,0.3
timing,8psk,8psk_10dB_8014,10.0,phase,0.04,0.016,ok,0.000502,True,0.295
timing,8psk,8psk_13dB_2015,13.0,phase,0.04,0.016,ok,0.0,True,0.285
timing,8psk,8psk_13dB_3015,13.0,phase,0.04,0.016,ok,0.0,True,0.297
timing,8psk,8psk_13dB_4015,13.0,phase,0.04,0.016,ok,0.0,True,0.286
timing,8psk,8psk_13dB_5015,13.0,phase,0.04,0.016,ok,0.0,True,0.303
timing,8psk,8psk_13dB_6015,13.0,phase,0.04,0.016,ok,0.0,True,0.294
timing,8psk,8psk_13dB_7015,13.0,phase,0.04,0.016,ok,0.0,True,0.296
timing,8psk,8psk_13dB_8015,13.0,phase,0.04,0.016,ok,0.0,True,0.292
timing,8psk,8psk_4dB_2012,4.0,phase,0.04,0.016,low_confidence,0.328652,False,0.295
timing,8psk,8psk_4dB_3012,4.0,phase,0.04,0.016,low_confidence,0.372069,False,0.303
timing,8psk,8psk_4dB_4012,4.0,phase,0.04,0.016,low_confidence,0.422369,False,0.298
timing,8psk,8psk_4dB_5012,4.0,phase,0.04,0.016,low_confidence,0.478379,False,0.29
timing,8psk,8psk_4dB_6012,4.0,phase,0.04,0.016,low_confidence,0.480271,False,0.301
timing,8psk,8psk_4dB_7012,4.0,phase,0.04,0.016,low_confidence,0.445731,False,0.289
timing,8psk,8psk_4dB_8012,4.0,phase,0.04,0.016,low_confidence,0.404798,False,0.293
timing,8psk,8psk_8dB_2013,8.0,phase,0.04,0.016,ok,0.003857,True,0.298
timing,8psk,8psk_8dB_3013,8.0,phase,0.04,0.016,ok,0.003357,True,0.298
timing,8psk,8psk_8dB_4013,8.0,phase,0.04,0.016,ok,0.004009,True,0.299
timing,8psk,8psk_8dB_5013,8.0,phase,0.04,0.016,ok,0.004262,True,0.3
timing,8psk,8psk_8dB_6013,8.0,phase,0.04,0.016,ok,0.00366,True,0.295
timing,8psk,8psk_8dB_7013,8.0,phase,0.04,0.016,ok,0.003913,True,0.295
timing,8psk,8psk_8dB_8013,8.0,phase,0.04,0.016,ok,0.004006,True,0.286
timing,bpsk,bpsk_10dB_2002,10.0,phase,0.02,0.016,ok,0.0,True,0.759
timing,bpsk,bpsk_10dB_3002,10.0,phase,0.02,0.016,ok,0.0,True,0.746
timing,bpsk,bpsk_10dB_4002,10.0,phase,0.02,0.016,ok,0.0,True,0.746
timing,bpsk,bpsk_10dB_5002,10.0,phase,0.02,0.016,ok,0.0,True,0.755
timing,bpsk,bpsk_10dB_6002,10.0,phase,0.02,0.016,ok,0.0,True,0.741
timing,bpsk,bpsk_10dB_7002,10.0,phase,0.02,0.016,ok,0.0,True,0.74
timing,bpsk,bpsk_10dB_8002,10.0,phase,0.02,0.016,ok,0.0,True,0.737
timing,bpsk,bpsk_13dB_2003,13.0,phase,0.02,0.016,ok,0.001305,True,0.754
timing,bpsk,bpsk_13dB_3003,13.0,phase,0.02,0.016,ok,0.0,True,0.747
timing,bpsk,bpsk_13dB_4003,13.0,phase,0.02,0.016,ok,0.0,True,0.74
timing,bpsk,bpsk_13dB_5003,13.0,phase,0.02,0.016,ok,0.0,True,0.759
timing,bpsk,bpsk_13dB_6003,13.0,phase,0.02,0.016,ok,0.0,True,0.748
timing,bpsk,bpsk_13dB_7003,13.0,phase,0.02,0.016,ok,0.0,True,0.779
timing,bpsk,bpsk_13dB_8003,13.0,phase,0.02,0.016,ok,0.0,True,0.73
timing,bpsk,bpsk_4dB_2000,4.0,phase,0.02,0.016,ok,0.0,True,0.749
timing,bpsk,bpsk_4dB_3000,4.0,phase,0.02,0.016,ok,0.0,True,0.743
timing,bpsk,bpsk_4dB_4000,4.0,phase,0.02,0.016,ok,0.0,True,0.735
timing,bpsk,bpsk_4dB_5000,4.0,phase,0.02,0.016,ok,0.0,True,0.751
timing,bpsk,bpsk_4dB_6000,4.0,phase,0.02,0.016,ok,5e-05,True,0.736
timing,bpsk,bpsk_4dB_7000,4.0,phase,0.02,0.016,ok,0.0,True,0.746
timing,bpsk,bpsk_4dB_8000,4.0,phase,0.02,0.016,ok,0.064618,False,0.74
timing,bpsk,bpsk_8dB_2001,8.0,phase,0.02,0.016,ok,0.0,True,0.753
timing,bpsk,bpsk_8dB_3001,8.0,phase,0.02,0.016,ok,0.0,True,0.739
timing,bpsk,bpsk_8dB_4001,8.0,phase,0.02,0.016,ok,0.008172,True,0.762
timing,bpsk,bpsk_8dB_5001,8.0,phase,0.02,0.016,ok,0.0,True,0.743
timing,bpsk,bpsk_8dB_6001,8.0,phase,0.02,0.016,ok,0.099088,False,0.756
timing,bpsk,bpsk_8dB_7001,8.0,phase,0.02,0.016,ok,0.0,True,0.755
timing,bpsk,bpsk_8dB_8001,8.0,phase,0.02,0.016,ok,0.0,True,0.736
timing,qpsk,qpsk_10dB_2008,10.0,phase,0.02,0.016,ok,0.0,True,0.385
timing,qpsk,qpsk_10dB_3008,10.0,phase,0.02,0.016,ok,0.0,True,0.393
timing,qpsk,qpsk_10dB_4008,10.0,phase,0.02,0.016,ok,0.0,True,0.391
timing,qpsk,qpsk_10dB_5008,10.0,phase,0.02,0.016,ok,0.0,True,0.383
timing,qpsk,qpsk_10dB_6008,10.0,phase,0.02,0.016,ok,0.0,True,0.382
timing,qpsk,qpsk_10dB_7008,10.0,phase,0.02,0.016,ok,0.0,True,0.387
timing,qpsk,qpsk_10dB_8008,10.0,phase,0.02,0.016,ok,0.0,True,0.386
timing,qpsk,qpsk_13dB_2009,13.0,phase,0.02,0.016,ok,0.0,True,0.383
timing,qpsk,qpsk_13dB_3009,13.0,phase,0.02,0.016,ok,0.0,True,0.383
timing,qpsk,qpsk_13dB_4009,13.0,phase,0.02,0.016,ok,0.0,True,0.394
timing,qpsk,qpsk_13dB_5009,13.0,phase,0.02,0.016,ok,0.0,True,0.392
timing,qpsk,qpsk_13dB_6009,13.0,phase,0.02,0.016,ok,0.0,True,0.388
timing,qpsk,qpsk_13dB_7009,13.0,phase,0.02,0.016,ok,0.0,True,0.388
timing,qpsk,qpsk_13dB_8009,13.0,phase,0.02,0.016,ok,0.0,True,0.381
timing,qpsk,qpsk_4dB_2006,4.0,phase,0.02,0.016,ok,0.001254,True,0.388
timing,qpsk,qpsk_4dB_3006,4.0,phase,0.02,0.016,ok,0.001054,True,0.387
timing,qpsk,qpsk_4dB_4006,4.0,phase,0.02,0.016,ok,0.000803,True,0.38
timing,qpsk,qpsk_4dB_5006,4.0,phase,0.02,0.016,ok,0.001253,True,0.38
timing,qpsk,qpsk_4dB_6006,4.0,phase,0.02,0.016,ok,0.001503,True,0.403
timing,qpsk,qpsk_4dB_7006,4.0,phase,0.02,0.016,ok,0.001154,True,0.395
timing,qpsk,qpsk_4dB_8006,4.0,phase,0.02,0.016,ok,0.000954,True,0.39
timing,qpsk,qpsk_8dB_2007,8.0,phase,0.02,0.016,ok,0.0,True,0.382
timing,qpsk,qpsk_8dB_3007,8.0,phase,0.02,0.016,ok,0.0,True,0.391
timing,qpsk,qpsk_8dB_4007,8.0,phase,0.02,0.016,ok,0.0,True,0.39
timing,qpsk,qpsk_8dB_5007,8.0,phase,0.02,0.016,ok,0.0,True,0.385
timing,qpsk,qpsk_8dB_6007,8.0,phase,0.02,0.016,ok,0.0,True,0.387
timing,qpsk,qpsk_8dB_7007,8.0,phase,0.02,0.016,ok,0.0,True,0.391
timing,qpsk,qpsk_8dB_8007,8.0,phase,0.02,0.016,ok,0.0,True,0.396
